claim_id,provider_id,patient_id,date_of_service,billed_amount,procedure_code,diagnosis_code,allowed_amount,paid_amount,insurance_type,claim_status,reason_code,follow_up_required,ar_status,outcome,gross_unpaid_amount,allowed_amount_gap,billed_to_allowed_ratio,paid_to_billed_ratio,paid_to_allowed_ratio,claim_status_denied_flag,outcome_denied_flag,any_denial_flag,follow_up_flag,open_ar_flag,status_consistency_flag,status_ambiguity_flag,ar_status_review_flag,monetary_anomaly_flag,zero_amount_flag,denied_with_payment_flag,paid_with_allowed_gap_flag,code_format_flag,service_year,service_month,service_month_name,service_quarter,service_week,service_day_of_week,service_month_start
0HO1FSN4AP,0126528997,7936697103,2024-08-07,304,99231,A02.1,218,203,Self-Pay,Paid,Incorrect billing information,Yes,Pending,Partially Paid,101,15,0.7171052631578947,0.6677631578947368,0.9311926605504587,0,0,0,1,1,0,0,0,0,0,0,1,0,2024,8,August,3,32,3,2024-08-01
9U86CI2P5A,6986719948,1547160031,2024-06-21,348,99213,A16.5,216,206,Medicare,Paid,Pre-existing condition,Yes,Open,Denied,142,10,0.6206896551724138,0.5919540229885057,0.9537037037037037,0,1,1,1,1,1,0,0,0,0,0,1,0,2024,6,June,2,25,5,2024-06-01
1QEU1AIDAU,1355108115,2611585318,2024-07-04,235,99213,A00.1,148,119,Commercial,Under Review,Duplicate claim,No,Denied,Denied,116,29,0.6297872340425532,0.5063829787234042,0.8040540540540541,0,1,1,0,0,0,0,0,0,0,0,0,0,2024,7,July,3,27,4,2024-07-01
WH7XDS8CEO,9991055906,7167948632,2024-05-26,112,99215,A18.6,79,69,Medicare,Denied,Authorization not obtained,No,Partially Paid,Denied,43,10,0.7053571428571429,0.6160714285714286,0.8734177215189873,1,1,1,0,1,0,0,1,0,0,1,0,0,2024,5,May,2,21,7,2024-05-01
M6OJEZ8KGI,7382167012,2140226267,2024-07-16,406,99238,A17.9,320,259,Medicare,Denied,Authorization not obtained,No,On Hold,Denied,147,61,0.7881773399014779,0.6379310344827587,0.809375,1,1,1,0,1,0,0,0,0,0,1,0,0,2024,7,July,3,29,2,2024-07-01
NST1AJ3BG4,2460400334,5437847378,2024-06-04,272,99231,A02.1,202,176,Self-Pay,Paid,Patient eligibility issues,No,Pending,Partially Paid,96,26,0.7426470588235294,0.6470588235294118,0.8712871287128713,0,0,0,0,1,0,0,0,0,0,0,1,0,2024,6,June,2,23,2,2024-06-01
G7C9QQKWHN,4996652383,1558663046,2024-07-28,358,99221,A01.9,249,202,Medicare,Denied,Incorrect billing information,No,Closed,Paid,156,47,0.6955307262569832,0.5642458100558659,0.8112449799196787,1,0,1,0,0,1,0,0,0,0,1,0,0,2024,7,July,3,30,7,2024-07-01
GTGZLOTL2C,7437563222,5362322108,2024-05-30,365,99213,A07.8,252,205,Medicaid,Under Review,Patient eligibility issues,No,Open,Paid,160,47,0.6904109589041096,0.5616438356164384,0.8134920634920635,0,0,0,0,1,0,1,0,0,0,0,0,0,2024,5,May,2,22,4,2024-05-01
TLU7MTJ63J,6675789567,1861061750,2024-07-16,126,99238,A05.4,109,108,Medicare,Denied,Authorization not obtained,No,Closed,Partially Paid,18,1,0.8650793650793651,0.8571428571428571,0.9908256880733946,1,0,1,0,0,1,0,0,0,0,1,0,0,2024,7,July,3,29,2,2024-07-01
44K5PG8X8S,7933652528,2435590086,2024-05-02,342,99221,A09.9,258,251,Medicare,Paid,Patient eligibility issues,No,On Hold,Partially Paid,91,7,0.7543859649122807,0.7339181286549707,0.9728682170542635,0,0,0,0,1,0,0,0,0,0,0,1,0,2024,5,May,2,18,4,2024-05-01
TO2JYK61C0,2267536625,0825710946,2024-05-12,141,99221,A03.9,92,81,Medicare,Under Review,Pre-existing condition,Yes,Denied,Partially Paid,60,11,0.6524822695035462,0.574468085106383,0.8804347826086957,0,0,0,1,0,0,1,0,0,0,0,0,0,2024,5,May,2,19,7,2024-05-01
DOX1BBCXK5,5416951835,7549905083,2024-05-11,113,99223,A02.2,79,77,Medicaid,Under Review,Lack of medical necessity,No,On Hold,Denied,36,2,0.6991150442477876,0.6814159292035398,0.9746835443037974,0,1,1,0,1,0,0,0,0,0,0,0,0,2024,5,May,2,19,6,2024-05-01
LH04A1LY4B,1241540640,3992634482,2024-06-08,248,99233,A06.0,202,186,Self-Pay,Under Review,Service not covered,Yes,Partially Paid,Partially Paid,62,16,0.8145161290322581,0.75,0.9207920792079208,0,0,0,1,1,0,1,0,0,0,0,0,0,2024,6,June,2,23,6,2024-06-01
2ETLXC20SI,3512772966,7459859155,2024-06-28,162,99233,A06.0,99,86,Commercial,Denied,Authorization not obtained,Yes,Open,Paid,76,13,0.6111111111111112,0.5308641975308642,0.8686868686868687,1,0,1,1,1,1,0,0,0,0,1,0,0,2024,6,June,2,26,5,2024-06-01
2VO26C5QLH,1637431064,0651880351,2024-08-10,493,99233,A07.0,366,360,Medicaid,Paid,Pre-existing condition,No,Partially Paid,Paid,133,6,0.742393509127789,0.7302231237322515,0.9836065573770492,0,0,0,0,1,0,0,0,0,0,0,1,0,2024,8,August,3,32,6,2024-08-01
BCCMJ8LJ96,3104304757,5311844927,2024-07-02,260,99213,A03.3,178,172,Medicaid,Denied,Patient eligibility issues,Yes,Denied,Denied,88,6,0.6846153846153846,0.6615384615384615,0.9662921348314607,1,1,1,1,0,0,0,0,0,0,1,0,0,2024,7,July,3,27,2,2024-07-01
08283DU65I,9639529144,0177264715,2024-08-24,126,99221,A00.9,95,94,Medicaid,Under Review,Duplicate claim,No,Pending,Denied,32,1,0.753968253968254,0.746031746031746,0.9894736842105263,0,1,1,0,1,0,0,0,0,0,0,0,0,2024,8,August,3,34,6,2024-08-01
1EO0LLBIBO,7500072920,7385589180,2024-09-11,311,99231,A05.0,280,274,Medicaid,Under Review,Service not covered,No,Denied,Paid,37,6,0.9003215434083601,0.8810289389067524,0.9785714285714285,0,0,0,0,0,0,1,0,0,0,0,0,0,2024,9,September,3,37,3,2024-09-01
640R5YIQ6A,6359854192,6031973951,2024-08-27,408,99214,A04.2,262,219,Medicaid,Paid,Patient eligibility issues,Yes,Pending,Paid,189,43,0.6421568627450981,0.5367647058823529,0.8358778625954199,0,0,0,1,1,0,0,0,0,0,0,1,0,2024,8,August,3,35,2,2024-08-01
BLI177KZBU,2266791454,3748293535,2024-08-23,130,99231,A16.9,98,82,Self-Pay,Denied,Lack of medical necessity,No,Denied,Paid,48,16,0.7538461538461538,0.6307692307692307,0.8367346938775511,1,0,1,0,0,1,0,0,0,0,1,0,0,2024,8,August,3,34,5,2024-08-01
T3ZDMQHOSX,2491663842,6867451346,2024-07-30,146,99213,A08.1,102,99,Medicaid,Under Review,Authorization not obtained,Yes,Denied,Partially Paid,47,3,0.6986301369863014,0.678082191780822,0.9705882352941176,0,0,0,1,0,0,1,0,0,0,0,0,0,2024,7,July,3,31,2,2024-07-01
P5FJOMYEDC,0542828755,6256271979,2024-06-24,150,99223,A06.8,91,80,Commercial,Denied,Authorization not obtained,No,Pending,Paid,70,11,0.6066666666666667,0.5333333333333333,0.8791208791208791,1,0,1,0,1,1,0,0,0,0,1,0,0,2024,6,June,2,26,1,2024-06-01
TCXP3XFFDS,5725279994,2860208500,2024-07-11,285,99213,A16.3,228,215,Medicare,Paid,Service not covered,Yes,On Hold,Paid,70,13,0.8,0.7543859649122807,0.9429824561403509,0,0,0,1,1,0,0,0,0,0,0,1,0,2024,7,July,3,28,4,2024-07-01
IF5G6HAB92,2554215460,5372537165,2024-07-16,139,99222,A18.1,109,104,Medicaid,Paid,Patient eligibility issues,Yes,Denied,Denied,35,5,0.7841726618705036,0.7482014388489209,0.9541284403669725,0,1,1,1,0,1,0,1,0,0,0,1,0,2024,7,July,3,29,2,2024-07-01
IFXQAH3MIK,7302133328,6938202039,2024-06-08,126,99238,A19.8,79,71,Medicare,Denied,Service not covered,Yes,Open,Partially Paid,55,8,0.626984126984127,0.5634920634920635,0.8987341772151899,1,0,1,1,1,1,0,0,0,0,1,0,0,2024,6,June,2,23,6,2024-06-01
2SARP2I5H9,5948416270,3734914882,2024-07-19,160,99221,A16.8,137,123,Commercial,Under Review,Service not covered,No,Partially Paid,Denied,37,14,0.85625,0.76875,0.8978102189781022,0,1,1,0,1,0,0,0,0,0,0,0,0,2024,7,July,3,29,5,2024-07-01
ZY5NISVAQY,8887772821,0598578407,2024-09-09,215,99214,A18.3,179,162,Self-Pay,Under Review,Authorization not obtained,Yes,Closed,Paid,53,17,0.8325581395348837,0.7534883720930232,0.9050279329608939,0,0,0,1,0,0,1,1,0,0,0,0,0,2024,9,September,3,37,1,2024-09-01
RWKH596U64,4538399253,6085203521,2024-08-31,308,99222,A18.7,241,199,Commercial,Denied,Lack of medical necessity,No,Closed,Paid,109,42,0.7824675324675324,0.6461038961038961,0.8257261410788381,1,0,1,0,0,1,0,0,0,0,1,0,0,2024,8,August,3,35,6,2024-08-01
UH0C4B3YR5,6779644831,5435853343,2024-05-29,416,99221,A04.6,316,285,Commercial,Paid,Authorization not obtained,Yes,Closed,Partially Paid,131,31,0.7596153846153846,0.6850961538461539,0.9018987341772152,0,0,0,1,0,0,0,0,0,0,0,1,0,2024,5,May,2,22,3,2024-05-01
G7DPHO9I6X,2308971249,4541238668,2024-08-18,170,99214,A05.7,142,138,Commercial,Paid,Service not covered,Yes,Pending,Denied,32,4,0.8352941176470589,0.8117647058823529,0.971830985915493,0,1,1,1,1,1,0,0,0,0,0,1,0,2024,8,August,3,33,7,2024-08-01
DWI3T87WCR,7292490122,3923670693,2024-06-18,135,99233,A18.7,88,74,Self-Pay,Under Review,Incorrect billing information,No,Closed,Partially Paid,61,14,0.6518518518518519,0.5481481481481482,0.8409090909090909,0,0,0,0,0,0,1,1,0,0,0,0,0,2024,6,June,2,25,2,2024-06-01
AYT4TJVKH7,3356892406,8155075476,2024-07-26,202,99215,A06.3,139,135,Medicaid,Paid,Authorization not obtained,No,Partially Paid,Partially Paid,67,4,0.6881188118811881,0.6683168316831684,0.9712230215827338,0,0,0,0,1,0,0,0,0,0,0,1,0,2024,7,July,3,30,5,2024-07-01
LDWX5I35Y9,7576667741,4812043647,2024-09-20,142,99223,A16.1,110,105,Medicare,Paid,Missing documentation,No,Closed,Partially Paid,37,5,0.7746478873239436,0.7394366197183099,0.9545454545454546,0,0,0,0,0,0,0,0,0,0,0,1,0,2024,9,September,3,38,5,2024-09-01
RAMTWM13DS,9598748420,9555599294,2024-07-16,448,99231,A08.0,303,288,Self-Pay,Denied,Lack of medical necessity,Yes,On Hold,Denied,160,15,0.6763392857142857,0.6428571428571429,0.9504950495049505,1,1,1,1,1,0,0,0,0,0,1,0,0,2024,7,July,3,29,2,2024-07-01
U45AZS93YA,0276875673,2413503202,2024-07-19,363,99238,A00.1,230,226,Medicaid,Denied,Pre-existing condition,No,Closed,Paid,137,4,0.6336088154269972,0.6225895316804407,0.9826086956521739,1,0,1,0,0,1,0,0,0,0,1,0,0,2024,7,July,3,29,5,2024-07-01
8HAXMI6098,4940537911,8760497936,2024-07-16,455,99232,A04.7,364,363,Self-Pay,Denied,Duplicate claim,No,Pending,Denied,92,1,0.8,0.7978021978021979,0.9972527472527473,1,1,1,0,1,0,0,0,0,0,1,0,0,2024,7,July,3,29,2,2024-07-01
ASZ32XSR0X,3858908858,3066637016,2024-06-23,397,99222,A18.4,265,237,Self-Pay,Paid,Patient eligibility issues,Yes,Open,Paid,160,28,0.6675062972292192,0.5969773299748111,0.8943396226415095,0,0,0,1,1,0,0,0,0,0,0,1,0,2024,6,June,2,25,7,2024-06-01
W2X0AC9IUT,7209147346,0227390225,2024-06-28,237,99233,A09.0,184,165,Medicaid,Paid,Duplicate claim,Yes,Closed,Partially Paid,72,19,0.7763713080168776,0.6962025316455697,0.8967391304347826,0,0,0,1,0,0,0,0,0,0,0,1,0,2024,6,June,2,26,5,2024-06-01
1OKE09QSKL,8981531916,4890820005,2024-08-18,410,99215,A06.7,279,262,Commercial,Paid,Incorrect billing information,No,On Hold,Denied,148,17,0.6804878048780488,0.6390243902439025,0.9390681003584229,0,1,1,0,1,1,0,0,0,0,0,1,0,2024,8,August,3,33,7,2024-08-01
U539ZAE2H7,5977044603,5414744141,2024-08-29,283,99223,A05.2,173,142,Self-Pay,Under Review,Authorization not obtained,No,On Hold,Partially Paid,141,31,0.6113074204946997,0.5017667844522968,0.8208092485549133,0,0,0,0,1,0,1,0,0,0,0,0,0,2024,8,August,3,35,4,2024-08-01
K7LWVFCPFJ,2062473920,5130122629,2024-05-11,256,99213,A02.0,219,189,Self-Pay,Under Review,Incorrect billing information,Yes,Closed,Partially Paid,67,30,0.85546875,0.73828125,0.863013698630137,0,0,0,1,0,0,1,1,0,0,0,0,0,2024,5,May,2,19,6,2024-05-01
PHOAQ5H154,8276621620,2120452751,2024-06-05,324,99238,A17.8,200,191,Commercial,Denied,Pre-existing condition,No,Pending,Partially Paid,133,9,0.6172839506172839,0.5895061728395061,0.955,1,0,1,0,1,1,0,0,0,0,1,0,0,2024,6,June,2,23,3,2024-06-01
O86NS56KJ1,0110745168,0410564885,2024-06-18,400,99238,A15.0,283,243,Self-Pay,Paid,Patient eligibility issues,No,Open,Partially Paid,157,40,0.7075,0.6075,0.8586572438162544,0,0,0,0,1,0,0,0,0,0,0,1,0,2024,6,June,2,25,2,2024-06-01
NSK6R4LGQ4,1812478896,0650225685,2024-09-10,148,99231,A06.5,122,103,Medicaid,Paid,Missing documentation,Yes,On Hold,Partially Paid,45,19,0.8243243243243243,0.6959459459459459,0.8442622950819673,0,0,0,1,1,0,0,0,0,0,0,1,0,2024,9,September,3,37,2,2024-09-01
MCJ9C4ZQPO,1050854260,2515811371,2024-08-28,327,99231,A01.4,223,194,Commercial,Denied,Lack of medical necessity,No,On Hold,Partially Paid,133,29,0.6819571865443425,0.5932721712538226,0.8699551569506726,1,0,1,0,1,1,0,0,0,0,1,0,0,2024,8,August,3,35,3,2024-08-01
82R3QQ9VPC,4570094483,1098138200,2024-05-23,447,99222,A01.3,389,380,Medicaid,Under Review,Patient eligibility issues,Yes,Closed,Partially Paid,67,9,0.8702460850111857,0.8501118568232662,0.9768637532133676,0,0,0,1,0,0,1,1,0,0,0,0,0,2024,5,May,2,21,4,2024-05-01
W144BLZQ5X,5086198813,3106896121,2024-07-20,446,99232,A08.3,333,281,Self-Pay,Under Review,Duplicate claim,Yes,On Hold,Denied,165,52,0.7466367713004485,0.6300448430493274,0.8438438438438438,0,1,1,1,1,0,0,0,0,0,0,0,0,2024,7,July,3,29,6,2024-07-01
RWB3CY2N3R,7247268045,2997330433,2024-08-22,370,99215,A09.9,229,189,Medicare,Paid,Lack of medical necessity,No,Pending,Partially Paid,181,40,0.6189189189189189,0.5108108108108108,0.8253275109170306,0,0,0,0,1,0,0,0,0,0,0,1,0,2024,8,August,3,34,4,2024-08-01
NHHPZSIUQ1,3019535482,8728813610,2024-07-02,336,99221,A00.0,285,269,Medicaid,Denied,Patient eligibility issues,No,Pending,Denied,67,16,0.8482142857142857,0.8005952380952381,0.9438596491228071,1,1,1,0,1,0,0,0,0,0,1,0,0,2024,7,July,3,27,2,2024-07-01
PE929KSW1T,9161000922,7790252162,2024-08-07,118,99214,A07.2,84,76,Self-Pay,Paid,Pre-existing condition,No,On Hold,Denied,42,8,0.711864406779661,0.6440677966101694,0.9047619047619048,0,1,1,0,1,1,0,0,0,0,0,1,0,2024,8,August,3,32,3,2024-08-01
IQTLZNJJHC,0199454482,8372920819,2024-09-13,483,99232,A01.6,355,322,Self-Pay,Under Review,Lack of medical necessity,No,Open,Denied,161,33,0.7349896480331263,0.6666666666666666,0.9070422535211268,0,1,1,0,1,0,0,0,0,0,0,0,0,2024,9,September,3,37,5,2024-09-01
SXA0Y4D2F4,8063697945,1059834782,2024-05-30,171,99221,A06.0,125,106,Medicaid,Under Review,Patient eligibility issues,Yes,Closed,Denied,65,19,0.7309941520467836,0.6198830409356725,0.848,0,1,1,1,0,0,0,1,0,0,0,0,0,2024,5,May,2,22,4,2024-05-01
YRWDW54QCU,8492770453,1979531776,2024-05-31,448,99238,A18.8,324,282,Commercial,Denied,Missing documentation,Yes,Open,Partially Paid,166,42,0.7232142857142857,0.6294642857142857,0.8703703703703703,1,0,1,1,1,1,0,0,0,0,1,0,0,2024,5,May,2,22,5,2024-05-01
XFZSM9KRYN,0419744224,3530230251,2024-08-06,412,99231,A19.1,329,286,Commercial,Denied,Authorization not obtained,Yes,Pending,Denied,126,43,0.7985436893203883,0.6941747572815534,0.8693009118541033,1,1,1,1,1,0,0,0,0,0,1,0,0,2024,8,August,3,32,2,2024-08-01
AVDFWNW7BN,4235285205,5791901788,2024-09-10,323,99231,A18.8,225,182,Commercial,Under Review,Patient eligibility issues,Yes,Denied,Paid,141,43,0.6965944272445821,0.5634674922600619,0.8088888888888889,0,0,0,1,0,0,1,0,0,0,0,0,0,2024,9,September,3,37,2,2024-09-01
6S2L1EFYSK,9136687343,4077717881,2024-08-15,465,99232,A01.6,416,361,Medicare,Paid,Incorrect billing information,Yes,Partially Paid,Paid,104,55,0.8946236559139785,0.7763440860215054,0.8677884615384616,0,0,0,1,1,0,0,0,0,0,0,1,0,2024,8,August,3,33,4,2024-08-01
U9APUQPEOK,0408094325,4051116656,2024-09-03,284,99214,A03.8,186,172,Medicaid,Paid,Service not covered,Yes,On Hold,Paid,112,14,0.6549295774647887,0.6056338028169014,0.9247311827956989,0,0,0,1,1,0,0,0,0,0,0,1,0,2024,9,September,3,36,2,2024-09-01
1L74T6EQHS,5126071490,8741252865,2024-06-27,111,99233,A17.0,92,90,Medicaid,Under Review,Service not covered,No,Pending,Partially Paid,21,2,0.8288288288288288,0.8108108108108109,0.9782608695652174,0,0,0,0,1,0,1,0,0,0,0,0,0,2024,6,June,2,26,4,2024-06-01
HEDXUK78NG,4152060505,7964379382,2024-07-13,107,99223,A06.0,73,60,Commercial,Paid,Pre-existing condition,No,Partially Paid,Denied,47,13,0.6822429906542056,0.5607476635514018,0.821917808219178,0,1,1,0,1,1,0,0,0,0,0,1,0,2024,7,July,3,28,6,2024-07-01
Y4I4JQPVK4,8925429111,9342177346,2024-07-11,267,99215,A05.4,214,171,Self-Pay,Under Review,Authorization not obtained,Yes,Open,Paid,96,43,0.8014981273408239,0.6404494382022472,0.7990654205607477,0,0,0,1,1,0,1,0,0,0,0,0,0,2024,7,July,3,28,4,2024-07-01
OZ0STLJCOJ,6078976241,9923426343,2024-08-28,401,99213,A19.9,358,354,Medicaid,Under Review,Pre-existing condition,No,Pending,Partially Paid,47,4,0.8927680798004988,0.8827930174563591,0.9888268156424581,0,0,0,0,1,0,1,0,0,0,0,0,0,2024,8,August,3,35,3,2024-08-01
3CDC3F7YA6,7169105753,0292607270,2024-05-03,453,99233,A02.4,344,297,Self-Pay,Denied,Incorrect billing information,No,Open,Denied,156,47,0.7593818984547461,0.6556291390728477,0.8633720930232558,1,1,1,0,1,0,0,0,0,0,1,0,0,2024,5,May,2,18,5,2024-05-01
7TSWS4AHEN,9229693925,1321174155,2024-07-13,439,99238,A05.1,319,305,Commercial,Under Review,Service not covered,No,On Hold,Paid,134,14,0.7266514806378133,0.6947608200455581,0.9561128526645768,0,0,0,0,1,0,1,0,0,0,0,0,0,2024,7,July,3,28,6,2024-07-01
RD48W0M9WX,2023714323,8539029014,2024-08-09,442,99233,A04.1,378,377,Medicaid,Denied,Authorization not obtained,No,Open,Paid,65,1,0.8552036199095022,0.8529411764705882,0.9973544973544973,1,0,1,0,1,1,0,0,0,0,1,0,0,2024,8,August,3,32,5,2024-08-01
PRD42TVDPG,3171908963,1546370434,2024-07-16,481,99223,A07.1,347,337,Commercial,Denied,Lack of medical necessity,Yes,Denied,Denied,144,10,0.7214137214137214,0.7006237006237006,0.9711815561959655,1,1,1,1,0,0,0,0,0,0,1,0,0,2024,7,July,3,29,2,2024-07-01
L89UDLJ2NI,1195127701,6284611941,2024-07-28,215,99233,A06.5,190,169,Medicare,Under Review,Pre-existing condition,Yes,Closed,Partially Paid,46,21,0.8837209302325582,0.786046511627907,0.8894736842105263,0,0,0,1,0,0,1,1,0,0,0,0,0,2024,7,July,3,30,7,2024-07-01
PKDYQLLP1T,2654498331,3729784516,2024-05-17,148,99213,A04.1,104,84,Medicare,Under Review,Authorization not obtained,Yes,Partially Paid,Paid,64,20,0.7027027027027027,0.5675675675675675,0.8076923076923077,0,0,0,1,1,0,1,0,0,0,0,0,0,2024,5,May,2,20,5,2024-05-01
70RB2DX72C,0708762197,4205246369,2024-09-01,372,99232,A02.1,327,281,Medicaid,Paid,Authorization not obtained,Yes,On Hold,Denied,91,46,0.8790322580645161,0.7553763440860215,0.8593272171253823,0,1,1,1,1,1,0,0,0,0,0,1,0,2024,9,September,3,35,7,2024-09-01
687AAGZGYM,3441938166,6776958126,2024-05-23,229,99232,A04.0,163,150,Medicare,Denied,Incorrect billing information,Yes,On Hold,Paid,79,13,0.7117903930131004,0.6550218340611353,0.9202453987730062,1,0,1,1,1,1,0,0,0,0,1,0,0,2024,5,May,2,21,4,2024-05-01
JNFJSO06YF,8696539003,0675301779,2024-08-29,232,99232,A00.9,158,146,Commercial,Denied,Lack of medical necessity,Yes,Denied,Denied,86,12,0.6810344827586207,0.6293103448275862,0.9240506329113924,1,1,1,1,0,0,0,0,0,0,1,0,0,2024,8,August,3,35,4,2024-08-01
I5ZQJAAX9H,8277008145,3346140607,2024-07-04,268,99222,A02.0,162,148,Self-Pay,Paid,Pre-existing condition,Yes,On Hold,Denied,120,14,0.6044776119402985,0.5522388059701493,0.9135802469135802,0,1,1,1,1,1,0,0,0,0,0,1,0,2024,7,July,3,27,4,2024-07-01
NNDPDP4PUX,8913310207,7902267408,2024-06-17,148,99213,A06.3,90,88,Commercial,Denied,Pre-existing condition,Yes,Open,Paid,60,2,0.6081081081081081,0.5945945945945946,0.9777777777777777,1,0,1,1,1,1,0,0,0,0,1,0,0,2024,6,June,2,25,1,2024-06-01
P4M0WYYASU,7906330632,7028319467,2024-06-18,446,99231,A02.1,286,276,Medicaid,Under Review,Pre-existing condition,Yes,Open,Partially Paid,170,10,0.6412556053811659,0.6188340807174888,0.965034965034965,0,0,0,1,1,0,1,0,0,0,0,0,0,2024,6,June,2,25,2,2024-06-01
MR88OM31L0,4573858938,5161266192,2024-05-20,189,99231,A01.3,148,148,Commercial,Paid,Service not covered,No,On Hold,Partially Paid,41,0,0.783068783068783,0.783068783068783,1.0,0,0,0,0,1,0,0,0,0,0,0,0,0,2024,5,May,2,21,1,2024-05-01
HQFAB2SMC9,2997473762,9486352619,2024-06-22,197,99221,A04.3,138,111,Commercial,Denied,Pre-existing condition,No,Open,Denied,86,27,0.700507614213198,0.5634517766497462,0.8043478260869565,1,1,1,0,1,0,0,0,0,0,1,0,0,2024,6,June,2,25,6,2024-06-01
NDJKQIKBJR,3455420141,7286269674,2024-08-18,487,99215,A18.7,311,254,Self-Pay,Denied,Missing documentation,Yes,On Hold,Partially Paid,233,57,0.6386036960985626,0.5215605749486653,0.8167202572347267,1,0,1,1,1,1,0,0,0,0,1,0,0,2024,8,August,3,33,7,2024-08-01
3XOA6SC9QY,0012980889,8819306236,2024-06-05,465,99214,A02.9,363,302,Medicare,Denied,Pre-existing condition,Yes,Pending,Paid,163,61,0.7806451612903226,0.6494623655913978,0.8319559228650137,1,0,1,1,1,1,0,0,0,0,1,0,0,2024,6,June,2,23,3,2024-06-01
UETPKIKATP,5280104835,1789165968,2024-07-02,343,99223,A19.0,253,237,Medicaid,Paid,Missing documentation,No,Denied,Paid,106,16,0.7376093294460642,0.6909620991253644,0.9367588932806324,0,0,0,0,0,0,0,1,0,0,0,1,0,2024,7,July,3,27,2,2024-07-01
1L48S5IGVD,8112806771,3777491682,2024-08-23,146,99221,A18.1,125,112,Medicare,Denied,Service not covered,Yes,Partially Paid,Partially Paid,34,13,0.8561643835616438,0.7671232876712328,0.896,1,0,1,1,1,1,0,1,0,0,1,0,0,2024,8,August,3,34,5,2024-08-01
PTTJVMFLUA,7306861419,4826815038,2024-06-27,172,99232,A06.6,153,138,Self-Pay,Denied,Duplicate claim,Yes,Denied,Denied,34,15,0.8895348837209303,0.8023255813953488,0.9019607843137255,1,1,1,1,0,0,0,0,0,0,1,0,0,2024,6,June,2,26,4,2024-06-01
3JPU21TOE9,1421984485,9846240441,2024-06-15,211,99213,A04.7,177,159,Medicaid,Denied,Lack of medical necessity,No,Closed,Denied,52,18,0.8388625592417062,0.7535545023696683,0.8983050847457628,1,1,1,0,0,0,0,0,0,0,1,0,0,2024,6,June,2,24,6,2024-06-01
7M8ZDCDCTG,7430490581,2607334190,2024-05-16,262,99233,A17.8,235,220,Commercial,Denied,Service not covered,No,Closed,Paid,42,15,0.8969465648854962,0.8396946564885496,0.9361702127659575,1,0,1,0,0,1,0,0,0,0,1,0,0,2024,5,May,2,20,4,2024-05-01
HCL9H8CQGO,3379246963,9529983798,2024-08-20,247,99214,A16.4,194,163,Medicaid,Paid,Duplicate claim,Yes,Closed,Denied,84,31,0.7854251012145749,0.659919028340081,0.8402061855670103,0,1,1,1,0,1,0,0,0,0,0,1,0,2024,8,August,3,34,2,2024-08-01
3JA9PT2RH3,8568987770,2319430074,2024-07-12,261,99214,A06.0,179,170,Medicare,Under Review,Duplicate claim,No,Pending,Denied,91,9,0.685823754789272,0.6513409961685823,0.9497206703910615,0,1,1,0,1,0,0,0,0,0,0,0,0,2024,7,July,3,28,5,2024-07-01
8M9EXYS5CT,7420264964,8579094054,2024-07-06,394,99215,A03.8,278,267,Self-Pay,Under Review,Authorization not obtained,Yes,Open,Paid,127,11,0.7055837563451777,0.6776649746192893,0.960431654676259,0,0,0,1,1,0,1,0,0,0,0,0,0,2024,7,July,3,27,6,2024-07-01
W8SPOELELC,9141687046,1594441000,2024-09-20,390,99214,A05.6,351,335,Commercial,Denied,Pre-existing condition,Yes,Open,Paid,55,16,0.9,0.8589743589743589,0.9544159544159544,1,0,1,1,1,1,0,0,0,0,1,0,0,2024,9,September,3,38,5,2024-09-01
N7604XMPSX,2934790390,9281274132,2024-08-28,258,99215,A19.8,196,172,Medicare,Under Review,Pre-existing condition,No,Closed,Denied,86,24,0.7596899224806202,0.6666666666666666,0.8775510204081632,0,1,1,0,0,0,0,1,0,0,0,0,0,2024,8,August,3,35,3,2024-08-01
53DW6Z56H1,6054155533,2988457310,2024-06-04,216,99232,A17.0,130,124,Medicaid,Under Review,Authorization not obtained,No,Open,Paid,92,6,0.6018518518518519,0.5740740740740741,0.9538461538461539,0,0,0,0,1,0,1,0,0,0,0,0,0,2024,6,June,2,23,2,2024-06-01
6YZ62OZFAN,7250496484,7875729862,2024-09-01,154,99214,A06.8,109,106,Commercial,Under Review,Missing documentation,Yes,Closed,Partially Paid,48,3,0.7077922077922078,0.6883116883116883,0.9724770642201835,0,0,0,1,0,0,1,1,0,0,0,0,0,2024,9,September,3,35,7,2024-09-01
BYQIHBG8AD,1708309636,8858713626,2024-05-25,231,99213,A07.9,199,177,Commercial,Paid,Service not covered,No,On Hold,Paid,54,22,0.8614718614718615,0.7662337662337663,0.8894472361809045,0,0,0,0,1,0,0,0,0,0,0,1,0,2024,5,May,2,21,6,2024-05-01
7KGAUFE3MK,6621776033,6848726866,2024-06-04,241,99222,A00.1,197,169,Medicare,Under Review,Patient eligibility issues,Yes,Partially Paid,Paid,72,28,0.8174273858921162,0.7012448132780082,0.8578680203045685,0,0,0,1,1,0,1,0,0,0,0,0,0,2024,6,June,2,23,2,2024-06-01
6WVZ1JS19L,4239455371,2026702062,2024-05-15,348,99232,A16.9,271,260,Commercial,Under Review,Pre-existing condition,Yes,Closed,Paid,88,11,0.7787356321839081,0.7471264367816092,0.959409594095941,0,0,0,1,0,0,1,1,0,0,0,0,0,2024,5,May,2,20,3,2024-05-01
BDK55VFH1X,9655668275,7892802927,2024-08-11,451,99238,A01.1,288,284,Medicaid,Denied,Lack of medical necessity,Yes,Pending,Paid,167,4,0.6385809312638581,0.6297117516629712,0.9861111111111112,1,0,1,1,1,1,0,0,0,0,1,0,0,2024,8,August,3,32,7,2024-08-01
SD9AW0B386,7144619443,8693623852,2024-07-04,237,99222,A02.1,150,131,Commercial,Under Review,Lack of medical necessity,Yes,Denied,Denied,106,19,0.6329113924050633,0.5527426160337553,0.8733333333333333,0,1,1,1,0,0,0,0,0,0,0,0,0,2024,7,July,3,27,4,2024-07-01
MH2GKOI48N,7026003411,9916886713,2024-06-15,480,99221,A04.5,334,308,Commercial,Denied,Incorrect billing information,Yes,Closed,Denied,172,26,0.6958333333333333,0.6416666666666667,0.9221556886227545,1,1,1,1,0,0,0,0,0,0,1,0,0,2024,6,June,2,24,6,2024-06-01
PFSWJWBGSB,7989355052,6188701434,2024-06-29,268,99231,A17.0,172,139,Self-Pay,Paid,Lack of medical necessity,No,On Hold,Paid,129,33,0.6417910447761194,0.5186567164179104,0.8081395348837209,0,0,0,0,1,0,0,0,0,0,0,1,0,2024,6,June,2,26,6,2024-06-01
8BYBEXV9ID,1695998542,9479375930,2024-06-08,319,99233,A06.8,249,217,Commercial,Denied,Authorization not obtained,Yes,Denied,Partially Paid,102,32,0.780564263322884,0.6802507836990596,0.8714859437751004,1,0,1,1,0,1,0,0,0,0,1,0,0,2024,6,June,2,23,6,2024-06-01
0U7E1EAUSA,4938683932,7807793396,2024-05-27,342,99222,A18.0,274,245,Commercial,Under Review,Missing documentation,No,Pending,Paid,97,29,0.8011695906432749,0.716374269005848,0.8941605839416058,0,0,0,0,1,0,1,0,0,0,0,0,0,2024,5,May,2,22,1,2024-05-01
NXKCCKA5NX,1101279902,0537893497,2024-07-23,460,99231,A18.9,399,373,Medicaid,Denied,Service not covered,No,Closed,Partially Paid,87,26,0.8673913043478261,0.8108695652173913,0.9348370927318296,1,0,1,0,0,1,0,0,0,0,1,0,0,2024,7,July,3,30,2,2024-07-01
FJ8Q3JW6BH,6337467593,5119944210,2024-06-26,105,99231,A07.9,87,75,Self-Pay,Under Review,Missing documentation,No,Closed,Paid,30,12,0.8285714285714286,0.7142857142857143,0.8620689655172413,0,0,0,0,0,0,1,1,0,0,0,0,0,2024,6,June,2,26,3,2024-06-01
BVE7444IA9,8307032775,0686354499,2024-06-10,228,99221,A08.8,158,154,Medicaid,Denied,Patient eligibility issues,Yes,Partially Paid,Denied,74,4,0.6929824561403509,0.6754385964912281,0.9746835443037974,1,1,1,1,1,0,0,1,0,0,1,0,0,2024,6,June,2,24,1,2024-06-01
1OIRVKJHYQ,0557220025,6572802735,2024-08-24,304,99213,A04.6,234,215,Medicaid,Paid,Authorization not obtained,No,Denied,Paid,89,19,0.7697368421052632,0.7072368421052632,0.9188034188034188,0,0,0,0,0,0,0,1,0,0,0,1,0,2024,8,August,3,34,6,2024-08-01
2HT9P3RCXC,1332014065,8988509426,2024-08-21,187,99222,A00.1,120,98,Self-Pay,Paid,Authorization not obtained,No,Open,Paid,89,22,0.6417112299465241,0.5240641711229946,0.8166666666666667,0,0,0,0,1,0,0,0,0,0,0,1,0,2024,8,August,3,34,3,2024-08-01
EMEH7GT8L5,6196395962,5164191784,2024-07-29,236,99214,A03.1,182,161,Self-Pay,Denied,Lack of medical necessity,No,Pending,Denied,75,21,0.7711864406779662,0.6822033898305084,0.8846153846153846,1,1,1,0,1,0,0,0,0,0,1,0,0,2024,7,July,3,31,1,2024-07-01
1ZE0CH9ANF,0109000162,4961090391,2024-09-19,129,99215,A16.2,81,79,Medicare,Denied,Duplicate claim,No,Partially Paid,Paid,50,2,0.627906976744186,0.6124031007751938,0.9753086419753086,1,0,1,0,1,1,0,1,0,0,1,0,0,2024,9,September,3,38,4,2024-09-01
LD9ZVUWJ7S,9013578440,5425052193,2024-07-10,335,99214,A15.0,250,217,Medicaid,Under Review,Missing documentation,Yes,Closed,Paid,118,33,0.746268656716418,0.6477611940298508,0.868,0,0,0,1,0,0,1,1,0,0,0,0,0,2024,7,July,3,28,3,2024-07-01
17VQIO0ZZG,6841929195,4948740224,2024-06-25,409,99233,A01.6,338,337,Medicaid,Denied,Duplicate claim,Yes,Pending,Paid,72,1,0.8264058679706602,0.823960880195599,0.9970414201183432,1,0,1,1,1,1,0,0,0,0,1,0,0,2024,6,June,2,26,2,2024-06-01
OJFM3JQZ1S,2285909913,0853961177,2024-05-18,303,99215,A04.1,230,222,Self-Pay,Paid,Patient eligibility issues,Yes,Pending,Paid,81,8,0.759075907590759,0.7326732673267327,0.9652173913043478,0,0,0,1,1,0,0,0,0,0,0,1,0,2024,5,May,2,20,6,2024-05-01
0SDKFKDYX1,1053412984,0768677968,2024-08-29,429,99215,A18.3,385,368,Commercial,Paid,Missing documentation,No,On Hold,Paid,61,17,0.8974358974358975,0.8578088578088578,0.9558441558441558,0,0,0,0,1,0,0,0,0,0,0,1,0,2024,8,August,3,35,4,2024-08-01
KVJQXB7QNB,0461552220,8125319440,2024-06-29,464,99215,A01.1,395,383,Self-Pay,Under Review,Lack of medical necessity,Yes,Denied,Paid,81,12,0.8512931034482759,0.8254310344827587,0.9696202531645569,0,0,0,1,0,0,1,0,0,0,0,0,0,2024,6,June,2,26,6,2024-06-01
TNZPP780RC,4547631680,3263433478,2024-09-12,211,99214,A05.2,171,156,Commercial,Under Review,Duplicate claim,Yes,Denied,Paid,55,15,0.8104265402843602,0.7393364928909952,0.9122807017543859,0,0,0,1,0,0,1,0,0,0,0,0,0,2024,9,September,3,37,4,2024-09-01
PMIJKF5WZO,0274330541,7308527471,2024-06-28,398,99214,A18.0,276,254,Medicaid,Paid,Missing documentation,Yes,Partially Paid,Paid,144,22,0.6934673366834171,0.6381909547738693,0.9202898550724637,0,0,0,1,1,0,0,0,0,0,0,1,0,2024,6,June,2,26,5,2024-06-01
SVV61N3AQ7,3074874117,6653991271,2024-06-29,342,99223,A16.1,281,267,Commercial,Denied,Service not covered,Yes,Open,Partially Paid,75,14,0.8216374269005848,0.7807017543859649,0.9501779359430605,1,0,1,1,1,1,0,0,0,0,1,0,0,2024,6,June,2,26,6,2024-06-01
XZW4R6GEEF,7499040704,5034237060,2024-05-09,206,99221,A02.3,169,150,Medicare,Denied,Incorrect billing information,Yes,Denied,Partially Paid,56,19,0.8203883495145631,0.7281553398058253,0.8875739644970414,1,0,1,1,0,1,0,0,0,0,1,0,0,2024,5,May,2,19,4,2024-05-01
03KUGWSDD8,3146118709,7178608739,2024-06-07,211,99231,A19.0,153,141,Medicaid,Under Review,Patient eligibility issues,No,Denied,Paid,70,12,0.7251184834123223,0.6682464454976303,0.9215686274509803,0,0,0,0,0,0,1,0,0,0,0,0,0,2024,6,June,2,23,5,2024-06-01
XK6VBWVA46,2562995440,7943708460,2024-07-16,281,99238,A18.5,206,190,Self-Pay,Paid,Incorrect billing information,No,Closed,Paid,91,16,0.7330960854092526,0.6761565836298933,0.9223300970873787,0,0,0,0,0,0,0,0,0,0,0,1,0,2024,7,July,3,29,2,2024-07-01
EOQUYX5O54,7312963265,2770595414,2024-06-10,289,99233,A07.3,248,220,Medicaid,Paid,Duplicate claim,No,Open,Partially Paid,69,28,0.8581314878892734,0.7612456747404844,0.8870967741935484,0,0,0,0,1,0,0,0,0,0,0,1,0,2024,6,June,2,24,1,2024-06-01
JAC7K36F6Y,8091673296,5236895806,2024-07-05,379,99233,A18.6,330,274,Commercial,Denied,Incorrect billing information,No,Closed,Paid,105,56,0.8707124010554089,0.7229551451187335,0.8303030303030303,1,0,1,0,0,1,0,0,0,0,1,0,0,2024,7,July,3,27,5,2024-07-01
7J1R25LVGG,5413249070,2799029082,2024-07-31,476,99214,A02.4,357,344,Medicaid,Under Review,Duplicate claim,No,Closed,Denied,132,13,0.75,0.7226890756302521,0.9635854341736695,0,1,1,0,0,0,0,1,0,0,0,0,0,2024,7,July,3,31,3,2024-07-01
EF88E3TVPL,8466197657,9730487757,2024-08-22,464,99231,A19.9,386,339,Medicaid,Paid,Lack of medical necessity,No,Pending,Partially Paid,125,47,0.8318965517241379,0.7306034482758621,0.8782383419689119,0,0,0,0,1,0,0,0,0,0,0,1,0,2024,8,August,3,34,4,2024-08-01
5K0KC4SOY9,2188473191,7023401976,2024-09-08,293,99215,A04.0,233,213,Commercial,Denied,Authorization not obtained,No,Pending,Paid,80,20,0.7952218430034129,0.726962457337884,0.9141630901287554,1,0,1,0,1,1,0,0,0,0,1,0,0,2024,9,September,3,36,7,2024-09-01
SX8SWSLL97,6752221216,3603720377,2024-07-27,152,99213,A16.9,110,95,Medicare,Under Review,Service not covered,Yes,Denied,Paid,57,15,0.7236842105263158,0.625,0.8636363636363636,0,0,0,1,0,0,1,0,0,0,0,0,0,2024,7,July,3,30,6,2024-07-01
FWFLP75LPZ,1010489751,3742237646,2024-07-25,314,99214,A06.3,225,221,Medicaid,Under Review,Patient eligibility issues,Yes,Denied,Paid,93,4,0.7165605095541401,0.7038216560509554,0.9822222222222222,0,0,0,1,0,0,1,0,0,0,0,0,0,2024,7,July,3,30,4,2024-07-01
3AJGX7SNXM,6982903968,8213224683,2024-05-11,498,99231,A19.1,357,330,Commercial,Under Review,Authorization not obtained,No,Closed,Denied,168,27,0.7168674698795181,0.6626506024096386,0.9243697478991597,0,1,1,0,0,0,0,1,0,0,0,0,0,2024,5,May,2,19,6,2024-05-01
2FJH03XQ5I,5996077836,4508676436,2024-06-18,484,99231,A05.6,341,315,Commercial,Under Review,Authorization not obtained,Yes,Denied,Partially Paid,169,26,0.7045454545454546,0.6508264462809917,0.9237536656891495,0,0,0,1,0,0,1,0,0,0,0,0,0,2024,6,June,2,25,2,2024-06-01
4K0UUQPBR1,5702735569,9733547622,2024-06-18,415,99238,A07.8,272,269,Medicaid,Paid,Pre-existing condition,Yes,Denied,Partially Paid,146,3,0.655421686746988,0.6481927710843374,0.9889705882352942,0,0,0,1,0,0,0,1,0,0,0,1,0,2024,6,June,2,25,2,2024-06-01
0TEY5ZGYC2,4795200970,1651813906,2024-05-23,274,99221,A01.1,176,165,Commercial,Denied,Lack of medical necessity,Yes,Closed,Partially Paid,109,11,0.6423357664233577,0.6021897810218978,0.9375,1,0,1,1,0,1,0,0,0,0,1,0,0,2024,5,May,2,21,4,2024-05-01
PCW1NM7UDE,9761838589,9614882466,2024-05-17,348,99231,A07.2,282,262,Self-Pay,Denied,Duplicate claim,Yes,Closed,Paid,86,20,0.8103448275862069,0.7528735632183908,0.9290780141843972,1,0,1,1,0,1,0,0,0,0,1,0,0,2024,5,May,2,20,5,2024-05-01
KDW6UKGYW2,3208941189,6276083979,2024-06-06,273,99233,A17.1,236,198,Medicaid,Paid,Authorization not obtained,Yes,Closed,Paid,75,38,0.8644688644688645,0.7252747252747253,0.8389830508474576,0,0,0,1,0,0,0,0,0,0,0,1,0,2024,6,June,2,23,4,2024-06-01
65XDY8M28P,5500900324,3359348312,2024-07-21,156,99238,A15.0,119,118,Self-Pay,Denied,Authorization not obtained,Yes,On Hold,Denied,38,1,0.7628205128205128,0.7564102564102564,0.9915966386554622,1,1,1,1,1,0,0,0,0,0,1,0,0,2024,7,July,3,29,7,2024-07-01
D7B9YJ8WSE,8370026091,4863832209,2024-07-27,251,99213,A16.0,181,173,Self-Pay,Paid,Incorrect billing information,Yes,Closed,Paid,78,8,0.7211155378486056,0.6892430278884463,0.9558011049723757,0,0,0,1,0,0,0,0,0,0,0,1,0,2024,7,July,3,30,6,2024-07-01
I3W13NNO8Q,6763652717,7851510784,2024-07-15,359,99233,A04.1,303,276,Medicare,Denied,Authorization not obtained,No,On Hold,Paid,83,27,0.8440111420612814,0.7688022284122563,0.9108910891089109,1,0,1,0,1,1,0,0,0,0,1,0,0,2024,7,July,3,29,1,2024-07-01
BG5RPIOIIX,3824043181,0472273704,2024-09-07,228,99238,A01.4,159,136,Commercial,Under Review,Pre-existing condition,Yes,On Hold,Paid,92,23,0.6973684210526315,0.5964912280701754,0.8553459119496856,0,0,0,1,1,0,1,0,0,0,0,0,0,2024,9,September,3,36,6,2024-09-01
SALNYWZEJK,4760458830,9407266002,2024-05-08,455,99222,A02.8,347,339,Medicaid,Denied,Patient eligibility issues,No,Partially Paid,Paid,116,8,0.7626373626373626,0.7450549450549451,0.9769452449567724,1,0,1,0,1,1,0,1,0,0,1,0,0,2024,5,May,2,19,3,2024-05-01
3SM4G4NZMA,7211807376,1941374790,2024-07-28,336,99221,A19.9,208,194,Self-Pay,Denied,Lack of medical necessity,No,Pending,Paid,142,14,0.6190476190476191,0.5773809523809523,0.9326923076923077,1,0,1,0,1,1,0,0,0,0,1,0,0,2024,7,July,3,30,7,2024-07-01
O38GQS2XNJ,0008429416,2106524593,2024-09-06,372,99214,A16.9,275,228,Self-Pay,Under Review,Lack of medical necessity,Yes,Denied,Partially Paid,144,47,0.739247311827957,0.6129032258064516,0.8290909090909091,0,0,0,1,0,0,1,0,0,0,0,0,0,2024,9,September,3,36,5,2024-09-01
3P0VBBX35A,9292091499,0496612565,2024-06-27,131,99233,A08.2,99,95,Self-Pay,Under Review,Pre-existing condition,No,Partially Paid,Denied,36,4,0.7557251908396947,0.7251908396946565,0.9595959595959596,0,1,1,0,1,0,0,0,0,0,0,0,0,2024,6,June,2,26,4,2024-06-01
LL816PKJ2U,0474022366,2775995537,2024-09-07,156,99214,A15.0,136,110,Medicare,Denied,Pre-existing condition,Yes,Partially Paid,Partially Paid,46,26,0.8717948717948718,0.7051282051282052,0.8088235294117647,1,0,1,1,1,1,0,1,0,0,1,0,0,2024,9,September,3,36,6,2024-09-01
P3QXGKP89A,4232257828,5366162993,2024-06-28,382,99221,A04.1,239,207,Self-Pay,Paid,Incorrect billing information,Yes,Denied,Partially Paid,175,32,0.6256544502617801,0.5418848167539267,0.8661087866108786,0,0,0,1,0,0,0,1,0,0,0,1,0,2024,6,June,2,26,5,2024-06-01
WWIM3NJL2Y,6713002923,3225331986,2024-05-14,435,99213,A02.1,315,268,Self-Pay,Under Review,Duplicate claim,Yes,Open,Paid,167,47,0.7241379310344828,0.6160919540229886,0.8507936507936508,0,0,0,1,1,0,1,0,0,0,0,0,0,2024,5,May,2,20,2,2024-05-01
P81LLPJR67,8522016271,5301842400,2024-08-18,351,99223,A06.8,259,232,Self-Pay,Under Review,Authorization not obtained,No,Denied,Paid,119,27,0.7378917378917379,0.6609686609686609,0.8957528957528957,0,0,0,0,0,0,1,0,0,0,0,0,0,2024,8,August,3,33,7,2024-08-01
ONKNYV8849,5370701135,1549886899,2024-06-23,244,99215,A06.7,212,183,Medicaid,Denied,Incorrect billing information,No,Denied,Paid,61,29,0.8688524590163934,0.75,0.8632075471698113,1,0,1,0,0,1,0,0,0,0,1,0,0,2024,6,June,2,25,7,2024-06-01
GWA3OQX4F2,2062487711,0514376388,2024-09-03,188,99214,A18.3,166,134,Medicare,Under Review,Incorrect billing information,Yes,Closed,Denied,54,32,0.8829787234042553,0.7127659574468085,0.8072289156626506,0,1,1,1,0,0,0,1,0,0,0,0,0,2024,9,September,3,36,2,2024-09-01
0SXKR4897N,2580515818,8532057354,2024-09-14,409,99232,A03.3,326,269,Self-Pay,Denied,Missing documentation,No,Open,Denied,140,57,0.7970660146699267,0.6577017114914425,0.8251533742331288,1,1,1,0,1,0,0,0,0,0,1,0,0,2024,9,September,3,37,6,2024-09-01
KE2JUP5NKX,7851524311,3647650457,2024-09-15,178,99214,A19.0,140,137,Medicaid,Denied,Patient eligibility issues,Yes,Denied,Denied,41,3,0.7865168539325843,0.7696629213483146,0.9785714285714285,1,1,1,1,0,0,0,0,0,0,1,0,0,2024,9,September,3,37,7,2024-09-01
UZGEPUI1ZD,6132207362,8928639891,2024-05-26,396,99221,A08.1,263,220,Medicare,Under Review,Lack of medical necessity,No,Partially Paid,Partially Paid,176,43,0.6641414141414141,0.5555555555555556,0.8365019011406845,0,0,0,0,1,0,1,0,0,0,0,0,0,2024,5,May,2,21,7,2024-05-01
AWOUVDKC2I,7507051181,6374394200,2024-08-16,434,99213,A18.3,333,272,Medicare,Paid,Service not covered,No,Partially Paid,Denied,162,61,0.7672811059907834,0.6267281105990783,0.8168168168168168,0,1,1,0,1,1,0,0,0,0,0,1,0,2024,8,August,3,33,5,2024-08-01
A0QE4YSQ69,7216154539,3554519096,2024-09-01,251,99215,A00.0,206,198,Self-Pay,Paid,Incorrect billing information,Yes,Closed,Partially Paid,53,8,0.8207171314741036,0.7888446215139442,0.9611650485436893,0,0,0,1,0,0,0,0,0,0,0,1,0,2024,9,September,3,35,7,2024-09-01
W7NKLL5GMD,1191852769,3896716396,2024-07-31,365,99213,A01.9,289,233,Commercial,Under Review,Authorization not obtained,No,Open,Partially Paid,132,56,0.7917808219178082,0.6383561643835617,0.8062283737024222,0,0,0,0,1,0,1,0,0,0,0,0,0,2024,7,July,3,31,3,2024-07-01
DKC9G21BFU,2394073426,8111972544,2024-09-10,214,99215,A02.9,155,139,Medicaid,Paid,Pre-existing condition,Yes,Partially Paid,Denied,75,16,0.7242990654205608,0.6495327102803738,0.896774193548387,0,1,1,1,1,1,0,0,0,0,0,1,0,2024,9,September,3,37,2,2024-09-01
E5WVM3JMNQ,7216892619,8474448865,2024-07-03,115,99231,A01.0,97,94,Medicare,Under Review,Service not covered,No,Open,Denied,21,3,0.8434782608695652,0.8173913043478261,0.9690721649484536,0,1,1,0,1,0,0,0,0,0,0,0,0,2024,7,July,3,27,3,2024-07-01
YCGP8RKL8Y,3397635546,5196707653,2024-08-12,381,99238,A08.2,285,242,Commercial,Paid,Incorrect billing information,Yes,Denied,Denied,139,43,0.7480314960629921,0.6351706036745407,0.8491228070175438,0,1,1,1,0,1,0,1,0,0,0,1,0,2024,8,August,3,33,1,2024-08-01
XQTYU38PUI,8466303274,1515174964,2024-06-28,203,99231,A01.6,157,139,Commercial,Paid,Pre-existing condition,No,Partially Paid,Partially Paid,64,18,0.7733990147783252,0.6847290640394089,0.8853503184713376,0,0,0,0,1,0,0,0,0,0,0,1,0,2024,6,June,2,26,5,2024-06-01
OUBQ9XVBSR,3135780005,2586729711,2024-06-25,139,99238,A00.1,118,100,Self-Pay,Under Review,Missing documentation,Yes,Open,Paid,39,18,0.8489208633093526,0.7194244604316546,0.847457627118644,0,0,0,1,1,0,1,0,0,0,0,0,0,2024,6,June,2,26,2,2024-06-01
I5O7G25IAN,9884264767,1316033874,2024-08-23,498,99214,A04.8,308,304,Medicare,Under Review,Patient eligibility issues,No,Denied,Partially Paid,194,4,0.6184738955823293,0.6104417670682731,0.987012987012987,0,0,0,0,0,0,1,0,0,0,0,0,0,2024,8,August,3,34,5,2024-08-01
VUBDXKSITN,5301271867,9360609927,2024-09-04,292,99233,A18.2,232,207,Commercial,Paid,Patient eligibility issues,No,Denied,Denied,85,25,0.7945205479452054,0.708904109589041,0.8922413793103449,0,1,1,0,0,1,0,1,0,0,0,1,0,2024,9,September,3,36,3,2024-09-01
ZRUKF056OF,6358288206,3347790516,2024-05-03,144,99238,A06.9,129,110,Medicaid,Under Review,Authorization not obtained,Yes,On Hold,Paid,34,19,0.8958333333333334,0.7638888888888888,0.8527131782945736,0,0,0,1,1,0,1,0,0,0,0,0,0,2024,5,May,2,18,5,2024-05-01
AY4L0KGRHL,6218708524,2444468779,2024-07-23,216,99222,A05.7,137,113,Medicaid,Under Review,Authorization not obtained,Yes,Closed,Paid,103,24,0.6342592592592593,0.5231481481481481,0.8248175182481752,0,0,0,1,0,0,1,1,0,0,0,0,0,2024,7,July,3,30,2,2024-07-01
NQU276KNZT,9696153952,3647485316,2024-05-27,430,99215,A09.9,280,230,Medicare,Denied,Authorization not obtained,Yes,Open,Partially Paid,200,50,0.6511627906976745,0.5348837209302325,0.8214285714285714,1,0,1,1,1,1,0,0,0,0,1,0,0,2024,5,May,2,22,1,2024-05-01
F78K1VGNH4,5590936414,7312949682,2024-06-13,145,99238,A18.2,95,83,Medicare,Paid,Incorrect billing information,Yes,Closed,Denied,62,12,0.6551724137931034,0.5724137931034483,0.8736842105263158,0,1,1,1,0,1,0,0,0,0,0,1,0,2024,6,June,2,24,4,2024-06-01
BEAN2D0O3M,7981724362,5059821073,2024-06-07,371,99214,A08.2,264,226,Medicaid,Denied,Duplicate claim,No,Pending,Partially Paid,145,38,0.7115902964959568,0.6091644204851752,0.8560606060606061,1,0,1,0,1,1,0,0,0,0,1,0,0,2024,6,June,2,23,5,2024-06-01
CQILUKTAFA,5779906232,6484108966,2024-07-31,351,99213,A02.4,302,262,Commercial,Paid,Lack of medical necessity,Yes,Pending,Paid,89,40,0.8603988603988604,0.7464387464387464,0.8675496688741722,0,0,0,1,1,0,0,0,0,0,0,1,0,2024,7,July,3,31,3,2024-07-01
80DLRL727R,9045277825,3393310841,2024-06-20,324,99215,A01.2,287,248,Medicaid,Denied,Duplicate claim,Yes,Closed,Paid,76,39,0.8858024691358025,0.7654320987654321,0.8641114982578397,1,0,1,1,0,1,0,0,0,0,1,0,0,2024,6,June,2,25,4,2024-06-01
0HD3Q0V5IC,4661238640,6031974567,2024-05-23,292,99222,A05.2,207,204,Medicare,Paid,Lack of medical necessity,Yes,Closed,Paid,88,3,0.708904109589041,0.6986301369863014,0.9855072463768116,0,0,0,1,0,0,0,0,0,0,0,1,0,2024,5,May,2,21,4,2024-05-01
56F9KQZFDL,0337273433,5547781047,2024-07-17,316,99238,A03.8,234,189,Medicare,Denied,Authorization not obtained,No,Closed,Denied,127,45,0.740506329113924,0.5981012658227848,0.8076923076923077,1,1,1,0,0,0,0,0,0,0,1,0,0,2024,7,July,3,29,3,2024-07-01
IE1OJBS037,6431344157,5993745339,2024-06-14,440,99232,A08.2,383,375,Medicaid,Paid,Service not covered,Yes,Open,Partially Paid,65,8,0.8704545454545455,0.8522727272727273,0.97911227154047,0,0,0,1,1,0,0,0,0,0,0,1,0,2024,6,June,2,24,5,2024-06-01
JI72DWMJQX,3413935783,2971910898,2024-06-28,358,99231,A00.9,305,285,Self-Pay,Denied,Lack of medical necessity,No,Open,Partially Paid,73,20,0.8519553072625698,0.7960893854748603,0.9344262295081968,1,0,1,0,1,1,0,0,0,0,1,0,0,2024,6,June,2,26,5,2024-06-01
ASXNSARMMM,2258945845,8678989979,2024-06-18,364,99214,A18.8,302,271,Self-Pay,Denied,Patient eligibility issues,No,Open,Partially Paid,93,31,0.8296703296703297,0.7445054945054945,0.8973509933774835,1,0,1,0,1,1,0,0,0,0,1,0,0,2024,6,June,2,25,2,2024-06-01
1DFD6LPA9G,1023375494,9657695754,2024-08-29,264,99232,A05.9,219,199,Medicare,Denied,Incorrect billing information,No,Partially Paid,Partially Paid,65,20,0.8295454545454546,0.7537878787878788,0.908675799086758,1,0,1,0,1,1,0,1,0,0,1,0,0,2024,8,August,3,35,4,2024-08-01
QS994CBH9A,6912374401,4655168538,2024-07-28,250,99221,A01.5,191,178,Self-Pay,Paid,Patient eligibility issues,No,Open,Denied,72,13,0.764,0.712,0.9319371727748691,0,1,1,0,1,1,0,0,0,0,0,1,0,2024,7,July,3,30,7,2024-07-01
JYOSMJ1CRQ,8991511345,6620050831,2024-06-12,441,99238,A17.0,311,311,Commercial,Denied,Lack of medical necessity,Yes,Partially Paid,Paid,130,0,0.7052154195011338,0.7052154195011338,1.0,1,0,1,1,1,1,0,1,0,0,1,0,0,2024,6,June,2,24,3,2024-06-01
9IH6BVYTLG,3888546118,9766574978,2024-05-20,153,99213,A06.4,116,106,Self-Pay,Paid,Patient eligibility issues,No,Closed,Partially Paid,47,10,0.7581699346405228,0.6928104575163399,0.9137931034482759,0,0,0,0,0,0,0,0,0,0,0,1,0,2024,5,May,2,21,1,2024-05-01
HLMIGVNKJ7,0882460491,5740866838,2024-08-19,205,99221,A15.9,157,139,Commercial,Paid,Pre-existing condition,No,On Hold,Denied,66,18,0.7658536585365854,0.6780487804878049,0.8853503184713376,0,1,1,0,1,1,0,0,0,0,0,1,0,2024,8,August,3,34,1,2024-08-01
UZR5F00FFZ,8619597301,4552578542,2024-05-09,154,99222,A03.8,117,103,Commercial,Denied,Lack of medical necessity,No,Open,Paid,51,14,0.7597402597402597,0.6688311688311688,0.8803418803418803,1,0,1,0,1,1,0,0,0,0,1,0,0,2024,5,May,2,19,4,2024-05-01
0APP6HH8P5,5577749071,8116288647,2024-05-02,224,99221,A05.3,158,133,Commercial,Denied,Lack of medical necessity,Yes,Open,Paid,91,25,0.7053571428571429,0.59375,0.8417721518987342,1,0,1,1,1,1,0,0,0,0,1,0,0,2024,5,May,2,18,4,2024-05-01
9D3MU6S6VP,2684702899,5808072665,2024-05-05,144,99221,A02.2,129,106,Commercial,Paid,Patient eligibility issues,Yes,On Hold,Partially Paid,38,23,0.8958333333333334,0.7361111111111112,0.8217054263565892,0,0,0,1,1,0,0,0,0,0,0,1,0,2024,5,May,2,18,7,2024-05-01
2F80QSVG1R,2608036521,7546582330,2024-05-13,121,99213,A16.4,87,86,Commercial,Paid,Missing documentation,Yes,On Hold,Partially Paid,35,1,0.71900826446281,0.7107438016528925,0.9885057471264368,0,0,0,1,1,0,0,0,0,0,0,1,0,2024,5,May,2,20,1,2024-05-01
HBDFQ5AGAA,8382365578,1375759561,2024-06-13,443,99214,A16.5,397,394,Medicare,Paid,Missing documentation,No,Partially Paid,Partially Paid,49,3,0.8961625282167043,0.8893905191873589,0.9924433249370277,0,0,0,0,1,0,0,0,0,0,0,1,0,2024,6,June,2,24,4,2024-06-01
KG6SX3AG7V,6012561378,5908095915,2024-08-10,496,99233,A06.3,405,346,Commercial,Denied,Authorization not obtained,Yes,Open,Paid,150,59,0.8165322580645161,0.6975806451612904,0.854320987654321,1,0,1,1,1,1,0,0,0,0,1,0,0,2024,8,August,3,32,6,2024-08-01
O0O7I4PCDS,1448693427,8007678093,2024-06-28,148,99214,A01.6,96,84,Commercial,Paid,Missing documentation,Yes,Partially Paid,Partially Paid,64,12,0.6486486486486487,0.5675675675675675,0.875,0,0,0,1,1,0,0,0,0,0,0,1,0,2024,6,June,2,26,5,2024-06-01
RKGK9M4GZO,3627070036,6437832238,2024-07-29,432,99231,A16.3,263,231,Medicare,Paid,Pre-existing condition,Yes,Partially Paid,Partially Paid,201,32,0.6087962962962963,0.5347222222222222,0.8783269961977186,0,0,0,1,1,0,0,0,0,0,0,1,0,2024,7,July,3,31,1,2024-07-01
L4G0MU05IT,2730367924,8293012528,2024-05-25,428,99213,A02.2,350,333,Self-Pay,Denied,Lack of medical necessity,No,Denied,Paid,95,17,0.8177570093457944,0.7780373831775701,0.9514285714285714,1,0,1,0,0,1,0,0,0,0,1,0,0,2024,5,May,2,21,6,2024-05-01
BWTZDPRYZZ,9761933078,2612404520,2024-07-31,459,99215,A02.1,287,230,Medicaid,Under Review,Lack of medical necessity,Yes,Open,Partially Paid,229,57,0.6252723311546841,0.5010893246187363,0.8013937282229965,0,0,0,1,1,0,1,0,0,0,0,0,0,2024,7,July,3,31,3,2024-07-01
EWUTRPI1J8,1696229134,3378178612,2024-07-03,152,99238,A09.0,104,86,Medicaid,Denied,Authorization not obtained,No,Closed,Paid,66,18,0.6842105263157895,0.5657894736842105,0.8269230769230769,1,0,1,0,0,1,0,0,0,0,1,0,0,2024,7,July,3,27,3,2024-07-01
96XG4GK9RV,1745181757,7333939603,2024-07-14,355,99238,A03.2,225,190,Self-Pay,Under Review,Authorization not obtained,No,Pending,Partially Paid,165,35,0.6338028169014085,0.5352112676056338,0.8444444444444444,0,0,0,0,1,0,1,0,0,0,0,0,0,2024,7,July,3,28,7,2024-07-01
HD07525Z0X,8887244725,9781272640,2024-07-09,288,99233,A19.8,202,170,Commercial,Paid,Missing documentation,Yes,Pending,Partially Paid,118,32,0.7013888888888888,0.5902777777777778,0.8415841584158416,0,0,0,1,1,0,0,0,0,0,0,1,0,2024,7,July,3,28,2,2024-07-01
G1JP7RHVW8,1723768177,8350856305,2024-09-01,176,99213,A01.5,126,106,Medicaid,Under Review,Authorization not obtained,Yes,Open,Paid,70,20,0.7159090909090909,0.6022727272727273,0.8412698412698413,0,0,0,1,1,0,1,0,0,0,0,0,0,2024,9,September,3,35,7,2024-09-01
F501F1764T,3352303460,2504414103,2024-05-17,212,99221,A16.9,159,135,Medicare,Paid,Duplicate claim,Yes,Pending,Paid,77,24,0.75,0.6367924528301887,0.8490566037735849,0,0,0,1,1,0,0,0,0,0,0,1,0,2024,5,May,2,20,5,2024-05-01
B4MSXFA2GR,3666892635,4746989996,2024-07-03,158,99215,A06.5,112,105,Commercial,Paid,Incorrect billing information,Yes,Partially Paid,Denied,53,7,0.7088607594936709,0.6645569620253164,0.9375,0,1,1,1,1,1,0,0,0,0,0,1,0,2024,7,July,3,27,3,2024-07-01
XE2Z4WKGGB,2376734593,9774821986,2024-06-24,361,99215,A04.5,290,233,Medicaid,Paid,Authorization not obtained,Yes,Open,Partially Paid,128,57,0.8033240997229917,0.6454293628808865,0.803448275862069,0,0,0,1,1,0,0,0,0,0,0,1,0,2024,6,June,2,26,1,2024-06-01
M97JVAMO2P,4828356854,2161577053,2024-09-14,351,99214,A01.6,311,308,Medicare,Paid,Missing documentation,Yes,On Hold,Partially Paid,43,3,0.886039886039886,0.8774928774928775,0.9903536977491961,0,0,0,1,1,0,0,0,0,0,0,1,0,2024,9,September,3,37,6,2024-09-01
NI9CBAIJTD,4795867288,9759993201,2024-05-16,410,99238,A05.0,336,275,Medicaid,Paid,Duplicate claim,Yes,Closed,Partially Paid,135,61,0.8195121951219512,0.6707317073170732,0.8184523809523809,0,0,0,1,0,0,0,0,0,0,0,1,0,2024,5,May,2,20,4,2024-05-01
9LEEKO4KJC,5901329561,8170215789,2024-08-29,149,99231,A06.6,116,98,Medicare,Paid,Lack of medical necessity,No,Pending,Partially Paid,51,18,0.7785234899328859,0.6577181208053692,0.8448275862068966,0,0,0,0,1,0,0,0,0,0,0,1,0,2024,8,August,3,35,4,2024-08-01
J0FY34DBL2,0341965448,3179392054,2024-07-31,234,99214,A19.0,157,130,Commercial,Denied,Incorrect billing information,No,Open,Partially Paid,104,27,0.6709401709401709,0.5555555555555556,0.8280254777070064,1,0,1,0,1,1,0,0,0,0,1,0,0,2024,7,July,3,31,3,2024-07-01
6E6Q3BQE0N,9271966642,7903926678,2024-07-28,254,99238,A08.9,193,177,Medicare,Denied,Incorrect billing information,Yes,Denied,Paid,77,16,0.7598425196850394,0.6968503937007874,0.917098445595855,1,0,1,1,0,1,0,0,0,0,1,0,0,2024,7,July,3,30,7,2024-07-01
M7ILBBTT8L,8941101270,8609829647,2024-05-16,140,99214,A06.2,113,94,Medicaid,Under Review,Incorrect billing information,No,Open,Paid,46,19,0.8071428571428572,0.6714285714285714,0.831858407079646,0,0,0,0,1,0,1,0,0,0,0,0,0,2024,5,May,2,20,4,2024-05-01
47HVBI67F2,7185877275,6539725479,2024-05-12,352,99214,A17.1,252,227,Commercial,Under Review,Incorrect billing information,Yes,Closed,Denied,125,25,0.7159090909090909,0.6448863636363636,0.9007936507936508,0,1,1,1,0,0,0,1,0,0,0,0,0,2024,5,May,2,19,7,2024-05-01
CBX9LUCCSS,3122841345,9165645206,2024-08-31,359,99221,A02.2,260,227,Medicare,Paid,Patient eligibility issues,No,Denied,Denied,132,33,0.724233983286908,0.6323119777158774,0.8730769230769231,0,1,1,0,0,1,0,1,0,0,0,1,0,2024,8,August,3,35,6,2024-08-01
T0BTL69QA7,2325369510,9752551327,2024-09-18,205,99221,A17.0,129,113,Medicaid,Under Review,Incorrect billing information,Yes,Partially Paid,Paid,92,16,0.6292682926829268,0.551219512195122,0.875968992248062,0,0,0,1,1,0,1,0,0,0,0,0,0,2024,9,September,3,38,3,2024-09-01
0GDEC1CH9Z,0226054765,6853034876,2024-09-19,211,99222,A06.0,138,127,Commercial,Paid,Lack of medical necessity,No,Open,Partially Paid,84,11,0.6540284360189573,0.6018957345971564,0.9202898550724637,0,0,0,0,1,0,0,0,0,0,0,1,0,2024,9,September,3,38,4,2024-09-01
AN72PT567Q,9932025373,1875889716,2024-05-09,107,99215,A02.2,82,78,Self-Pay,Under Review,Authorization not obtained,Yes,Partially Paid,Denied,29,4,0.7663551401869159,0.7289719626168224,0.9512195121951219,0,1,1,1,1,0,0,0,0,0,0,0,0,2024,5,May,2,19,4,2024-05-01
QYKLHSFZT2,6365307113,2343189144,2024-07-16,182,99215,A01.9,138,123,Commercial,Paid,Authorization not obtained,Yes,Pending,Denied,59,15,0.7582417582417582,0.6758241758241759,0.8913043478260869,0,1,1,1,1,1,0,0,0,0,0,1,0,2024,7,July,3,29,2,2024-07-01
VVEOSUKMII,8143419395,0069035867,2024-07-22,495,99238,A02.8,372,320,Commercial,Denied,Duplicate claim,No,Pending,Partially Paid,175,52,0.7515151515151515,0.6464646464646465,0.8602150537634409,1,0,1,0,1,1,0,0,0,0,1,0,0,2024,7,July,3,30,1,2024-07-01
AHJ5ABWBA4,2840627397,2339470503,2024-05-11,113,99221,A04.8,78,72,Self-Pay,Under Review,Duplicate claim,Yes,Open,Denied,41,6,0.6902654867256637,0.6371681415929203,0.9230769230769231,0,1,1,1,1,0,0,0,0,0,0,0,0,2024,5,May,2,19,6,2024-05-01
1C54EPEN70,1899081171,3736465905,2024-06-29,418,99223,A01.0,326,317,Medicaid,Denied,Patient eligibility issues,No,Open,Paid,101,9,0.7799043062200957,0.7583732057416268,0.9723926380368099,1,0,1,0,1,1,0,0,0,0,1,0,0,2024,6,June,2,26,6,2024-06-01
ZJX40JVXLG,4766670055,7078540382,2024-07-26,306,99232,A00.1,266,248,Medicaid,Denied,Patient eligibility issues,Yes,Denied,Denied,58,18,0.869281045751634,0.8104575163398693,0.9323308270676691,1,1,1,1,0,0,0,0,0,0,1,0,0,2024,7,July,3,30,5,2024-07-01
4PRWBE0QQ3,5161831992,7180734565,2024-07-24,236,99214,A05.6,198,172,Medicare,Paid,Pre-existing condition,Yes,Pending,Partially Paid,64,26,0.8389830508474576,0.7288135593220338,0.8686868686868687,0,0,0,1,1,0,0,0,0,0,0,1,0,2024,7,July,3,30,3,2024-07-01
GJMUVI7CZZ,9866509071,1809356200,2024-06-10,437,99215,A18.9,269,248,Medicaid,Under Review,Incorrect billing information,No,Partially Paid,Paid,189,21,0.6155606407322655,0.5675057208237986,0.9219330855018587,0,0,0,0,1,0,1,0,0,0,0,0,0,2024,6,June,2,24,1,2024-06-01
PDYXDJBNAN,3594389213,3113601299,2024-08-26,108,99215,A18.7,92,91,Medicaid,Under Review,Service not covered,Yes,Partially Paid,Denied,17,1,0.8518518518518519,0.8425925925925926,0.9891304347826086,0,1,1,1,1,0,0,0,0,0,0,0,0,2024,8,August,3,35,1,2024-08-01
DA52QW9HGS,0549977115,3913444340,2024-07-04,354,99214,A05.9,218,212,Self-Pay,Paid,Pre-existing condition,No,Denied,Paid,142,6,0.615819209039548,0.5988700564971752,0.9724770642201835,0,0,0,0,0,0,0,1,0,0,0,1,0,2024,7,July,3,27,4,2024-07-01
P88ZS7XL1F,8493823195,9919663635,2024-07-18,325,99231,A06.4,281,257,Self-Pay,Paid,Pre-existing condition,Yes,Closed,Paid,68,24,0.8646153846153846,0.7907692307692308,0.9145907473309609,0,0,0,1,0,0,0,0,0,0,0,1,0,2024,7,July,3,29,4,2024-07-01
Z42IOQWBTC,1798037143,2576643386,2024-08-05,421,99213,A06.6,269,229,Commercial,Paid,Missing documentation,No,Denied,Paid,192,40,0.6389548693586699,0.5439429928741093,0.8513011152416357,0,0,0,0,0,0,0,1,0,0,0,1,0,2024,8,August,3,32,1,2024-08-01
HIBKOPNEIE,5658593746,4027037581,2024-07-25,456,99238,A08.0,379,337,Commercial,Denied,Lack of medical necessity,Yes,Pending,Denied,119,42,0.831140350877193,0.7390350877192983,0.8891820580474934,1,1,1,1,1,0,0,0,0,0,1,0,0,2024,7,July,3,30,4,2024-07-01
TD0EG8I93R,6744823555,6194960851,2024-08-17,349,99231,A05.4,273,267,Commercial,Paid,Service not covered,No,Partially Paid,Partially Paid,82,6,0.7822349570200573,0.7650429799426934,0.978021978021978,0,0,0,0,1,0,0,0,0,0,0,1,0,2024,8,August,3,33,6,2024-08-01
TQ08LFF3FV,3517172899,7461143000,2024-06-03,361,99221,A00.9,276,242,Medicare,Under Review,Service not covered,No,Partially Paid,Partially Paid,119,34,0.7645429362880887,0.6703601108033241,0.8768115942028986,0,0,0,0,1,0,1,0,0,0,0,0,0,2024,6,June,2,23,1,2024-06-01
70RGURTCPA,0426438748,6888904397,2024-08-22,213,99223,A01.6,183,170,Medicare,Denied,Missing documentation,No,Closed,Paid,43,13,0.8591549295774648,0.7981220657276995,0.9289617486338798,1,0,1,0,0,1,0,0,0,0,1,0,0,2024,8,August,3,34,4,2024-08-01
KL2NRHBXG3,2234388177,6166259191,2024-08-01,222,99213,A18.2,139,120,Medicaid,Paid,Service not covered,Yes,Pending,Denied,102,19,0.6261261261261262,0.5405405405405406,0.8633093525179856,0,1,1,1,1,1,0,0,0,0,0,1,0,2024,8,August,3,31,4,2024-08-01
3UNK73M0U0,8048684118,1461079912,2024-05-14,181,99222,A16.1,130,121,Medicare,Paid,Patient eligibility issues,No,Open,Paid,60,9,0.7182320441988951,0.6685082872928176,0.9307692307692308,0,0,0,0,1,0,0,0,0,0,0,1,0,2024,5,May,2,20,2,2024-05-01
3SH5BZYEI6,4268087104,8107343456,2024-05-13,208,99221,A07.3,164,151,Medicaid,Under Review,Service not covered,No,Pending,Paid,57,13,0.7884615384615384,0.7259615384615384,0.9207317073170732,0,0,0,0,1,0,1,0,0,0,0,0,0,2024,5,May,2,20,1,2024-05-01
VLC4EZKBL3,5907853440,7271030969,2024-06-10,127,99232,A01.1,110,90,Self-Pay,Paid,Service not covered,Yes,Open,Denied,37,20,0.8661417322834646,0.7086614173228346,0.8181818181818182,0,1,1,1,1,1,0,0,0,0,0,1,0,2024,6,June,2,24,1,2024-06-01
7JKH2VI6DD,7274850471,0806587902,2024-07-16,320,99222,A00.1,193,186,Medicare,Under Review,Patient eligibility issues,Yes,Open,Partially Paid,134,7,0.603125,0.58125,0.9637305699481865,0,0,0,1,1,0,1,0,0,0,0,0,0,2024,7,July,3,29,2,2024-07-01
Z7O5NINUTV,5267048594,0732131331,2024-05-04,407,99215,A06.1,265,253,Commercial,Paid,Duplicate claim,No,On Hold,Paid,154,12,0.6511056511056511,0.6216216216216216,0.9547169811320755,0,0,0,0,1,0,0,0,0,0,0,1,0,2024,5,May,2,18,6,2024-05-01
NGUGYELCR7,4766493318,3814103870,2024-08-15,324,99233,A04.1,286,270,Commercial,Denied,Lack of medical necessity,Yes,On Hold,Paid,54,16,0.8827160493827161,0.8333333333333334,0.9440559440559441,1,0,1,1,1,1,0,0,0,0,1,0,0,2024,8,August,3,33,4,2024-08-01
0HP3KCYTOK,7651174592,3242375529,2024-05-02,152,99214,A06.9,108,87,Commercial,Under Review,Authorization not obtained,No,Partially Paid,Paid,65,21,0.7105263157894737,0.5723684210526315,0.8055555555555556,0,0,0,0,1,0,1,0,0,0,0,0,0,2024,5,May,2,18,4,2024-05-01
HJPIDCPCV5,5629111914,1395350946,2024-09-02,255,99215,A04.4,213,186,Self-Pay,Under Review,Incorrect billing information,Yes,Open,Partially Paid,69,27,0.8352941176470589,0.7294117647058823,0.8732394366197183,0,0,0,1,1,0,1,0,0,0,0,0,0,2024,9,September,3,36,1,2024-09-01
EHOUC8V902,3561974685,4398566938,2024-05-09,435,99213,A16.5,370,339,Medicaid,Denied,Duplicate claim,Yes,Pending,Partially Paid,96,31,0.8505747126436781,0.7793103448275862,0.9162162162162162,1,0,1,1,1,1,0,0,0,0,1,0,0,2024,5,May,2,19,4,2024-05-01
F3ZASAI1IE,8948069108,6319867293,2024-08-03,462,99223,A16.9,307,267,Self-Pay,Paid,Patient eligibility issues,Yes,Denied,Denied,195,40,0.6645021645021645,0.577922077922078,0.8697068403908795,0,1,1,1,0,1,0,1,0,0,0,1,0,2024,8,August,3,31,6,2024-08-01
Y2S1DJROQO,0437306919,8159069761,2024-09-11,285,99215,A01.5,222,189,Self-Pay,Under Review,Missing documentation,Yes,On Hold,Denied,96,33,0.7789473684210526,0.6631578947368421,0.8513513513513513,0,1,1,1,1,0,0,0,0,0,0,0,0,2024,9,September,3,37,3,2024-09-01
302RLDJRB7,5521027680,2456650289,2024-07-03,116,99221,A05.6,91,86,Medicare,Denied,Service not covered,No,Partially Paid,Denied,30,5,0.7844827586206896,0.7413793103448276,0.945054945054945,1,1,1,0,1,0,0,1,0,0,1,0,0,2024,7,July,3,27,3,2024-07-01
IJ5T168FLX,7864007404,7250117317,2024-05-06,267,99222,A19.9,221,182,Medicaid,Under Review,Service not covered,Yes,Partially Paid,Denied,85,39,0.8277153558052435,0.6816479400749064,0.8235294117647058,0,1,1,1,1,0,0,0,0,0,0,0,0,2024,5,May,2,19,1,2024-05-01
8UNA2IB1ZX,6896845521,5299226902,2024-05-17,196,99233,A02.4,125,124,Medicare,Paid,Lack of medical necessity,Yes,On Hold,Partially Paid,72,1,0.6377551020408163,0.6326530612244898,0.992,0,0,0,1,1,0,0,0,0,0,0,1,0,2024,5,May,2,20,5,2024-05-01
5C9OLF3YP8,1404479344,6136803061,2024-08-30,207,99221,A08.3,171,143,Commercial,Denied,Duplicate claim,No,Closed,Denied,64,28,0.8260869565217391,0.6908212560386473,0.8362573099415205,1,1,1,0,0,0,0,0,0,0,1,0,0,2024,8,August,3,35,5,2024-08-01
PXYIFX4268,0111343888,2826845391,2024-07-08,418,99238,A07.9,325,281,Medicaid,Denied,Incorrect billing information,No,Open,Denied,137,44,0.777511961722488,0.6722488038277512,0.8646153846153846,1,1,1,0,1,0,0,0,0,0,1,0,0,2024,7,July,3,28,1,2024-07-01
9U2R6WEED3,8416018479,1355698649,2024-06-17,468,99214,A16.4,283,278,Self-Pay,Paid,Authorization not obtained,No,Partially Paid,Partially Paid,190,5,0.6047008547008547,0.594017094017094,0.9823321554770318,0,0,0,0,1,0,0,0,0,0,0,1,0,2024,6,June,2,25,1,2024-06-01
O3CSIRMW8P,4116284142,6072263395,2024-07-26,446,99215,A05.5,377,363,Medicaid,Under Review,Lack of medical necessity,Yes,On Hold,Denied,83,14,0.8452914798206278,0.8139013452914798,0.9628647214854111,0,1,1,1,1,0,0,0,0,0,0,0,0,2024,7,July,3,30,5,2024-07-01
4AECRPPSTL,6034872297,1183596686,2024-05-01,214,99213,A18.0,179,178,Commercial,Under Review,Duplicate claim,No,Partially Paid,Partially Paid,36,1,0.8364485981308412,0.8317757009345794,0.994413407821229,0,0,0,0,1,0,1,0,0,0,0,0,0,2024,5,May,2,18,3,2024-05-01
DZFSOUHGBF,3284140919,7714365852,2024-06-27,135,99221,A16.7,107,88,Medicaid,Under Review,Pre-existing condition,Yes,Pending,Denied,47,19,0.7925925925925926,0.6518518518518519,0.822429906542056,0,1,1,1,1,0,0,0,0,0,0,0,0,2024,6,June,2,26,4,2024-06-01
3IR5DUUQ5M,1519186646,8072567125,2024-05-30,203,99223,A00.9,152,132,Medicare,Denied,Duplicate claim,No,On Hold,Partially Paid,71,20,0.7487684729064039,0.6502463054187192,0.868421052631579,1,0,1,0,1,1,0,0,0,0,1,0,0,2024,5,May,2,22,4,2024-05-01
EJ00KS11Z8,4997821723,8186866650,2024-05-03,169,99223,A06.8,110,102,Self-Pay,Under Review,Service not covered,Yes,On Hold,Partially Paid,67,8,0.650887573964497,0.6035502958579881,0.9272727272727272,0,0,0,1,1,0,1,0,0,0,0,0,0,2024,5,May,2,18,5,2024-05-01
PM54Q7IGGF,6028720764,9077198075,2024-08-17,472,99214,A05.6,285,248,Commercial,Denied,Service not covered,Yes,Open,Paid,224,37,0.6038135593220338,0.5254237288135594,0.8701754385964913,1,0,1,1,1,1,0,0,0,0,1,0,0,2024,8,August,3,33,6,2024-08-01
8HM2VGTBHP,8417655171,5080353117,2024-07-28,303,99223,A18.5,212,184,Commercial,Denied,Missing documentation,Yes,Pending,Partially Paid,119,28,0.6996699669966997,0.6072607260726073,0.8679245283018868,1,0,1,1,1,1,0,0,0,0,1,0,0,2024,7,July,3,30,7,2024-07-01
8M3S6ZC4GU,8257611017,3873027915,2024-08-01,217,99214,A19.0,159,158,Medicare,Denied,Patient eligibility issues,No,Denied,Partially Paid,59,1,0.7327188940092166,0.728110599078341,0.9937106918238994,1,0,1,0,0,1,0,0,0,0,1,0,0,2024,8,August,3,31,4,2024-08-01
6RUEXRV795,0539159241,0563454150,2024-07-22,444,99223,A16.0,363,324,Commercial,Under Review,Missing documentation,Yes,Open,Partially Paid,120,39,0.8175675675675675,0.7297297297297297,0.8925619834710744,0,0,0,1,1,0,1,0,0,0,0,0,0,2024,7,July,3,30,1,2024-07-01
WUXPAPYDJU,9457942986,6966673045,2024-05-11,488,99223,A15.9,370,332,Commercial,Denied,Missing documentation,No,On Hold,Denied,156,38,0.7581967213114754,0.680327868852459,0.8972972972972973,1,1,1,0,1,0,0,0,0,0,1,0,0,2024,5,May,2,19,6,2024-05-01
RMII003H08,6033027139,6459074287,2024-06-26,136,99223,A17.1,84,80,Self-Pay,Denied,Authorization not obtained,No,Denied,Denied,56,4,0.6176470588235294,0.5882352941176471,0.9523809523809523,1,1,1,0,0,0,0,0,0,0,1,0,0,2024,6,June,2,26,3,2024-06-01
1M1MK6JZAL,3080431034,2819026310,2024-05-19,144,99215,A06.9,95,84,Commercial,Denied,Missing documentation,Yes,Open,Denied,60,11,0.6597222222222222,0.5833333333333334,0.8842105263157894,1,1,1,1,1,0,0,0,0,0,1,0,0,2024,5,May,2,20,7,2024-05-01
F2LVCBX3C9,9814594406,2110313594,2024-05-08,461,99222,A17.1,323,314,Commercial,Under Review,Lack of medical necessity,Yes,Pending,Denied,147,9,0.7006507592190889,0.6811279826464208,0.9721362229102167,0,1,1,1,1,0,0,0,0,0,0,0,0,2024,5,May,2,19,3,2024-05-01
8JOH31L3XF,5371024172,0263933529,2024-07-04,126,99213,A16.8,107,98,Medicaid,Under Review,Missing documentation,Yes,Closed,Denied,28,9,0.8492063492063492,0.7777777777777778,0.9158878504672897,0,1,1,1,0,0,0,1,0,0,0,0,0,2024,7,July,3,27,4,2024-07-01
9HQARUCJAZ,6965268510,7927019857,2024-09-07,129,99231,A04.0,90,82,Medicaid,Denied,Authorization not obtained,No,Closed,Partially Paid,47,8,0.6976744186046512,0.6356589147286822,0.9111111111111111,1,0,1,0,0,1,0,0,0,0,1,0,0,2024,9,September,3,36,6,2024-09-01
BBMF6OIC4Q,7149722931,9863745434,2024-06-10,120,99238,A04.2,107,99,Medicaid,Under Review,Lack of medical necessity,Yes,Pending,Paid,21,8,0.8916666666666667,0.825,0.9252336448598131,0,0,0,1,1,0,1,0,0,0,0,0,0,2024,6,June,2,24,1,2024-06-01
7QWWTFM7MQ,7754095572,6307034909,2024-06-23,361,99221,A06.8,241,205,Medicaid,Denied,Incorrect billing information,Yes,On Hold,Denied,156,36,0.667590027700831,0.5678670360110804,0.8506224066390041,1,1,1,1,1,0,0,0,0,0,1,0,0,2024,6,June,2,25,7,2024-06-01
8JTYJBLKYX,0061667750,3640025436,2024-06-24,350,99232,A08.2,273,224,Commercial,Denied,Duplicate claim,No,Closed,Denied,126,49,0.78,0.64,0.8205128205128205,1,1,1,0,0,0,0,0,0,0,1,0,0,2024,6,June,2,26,1,2024-06-01
78U9JVB2CS,8554258997,4301309987,2024-09-03,450,99213,A17.0,309,252,Commercial,Paid,Duplicate claim,Yes,On Hold,Paid,198,57,0.6866666666666666,0.56,0.8155339805825242,0,0,0,1,1,0,0,0,0,0,0,1,0,2024,9,September,3,36,2,2024-09-01
RS1YY0WY24,5431725002,9176601831,2024-05-28,111,99238,A05.4,81,76,Self-Pay,Paid,Lack of medical necessity,Yes,Closed,Denied,35,5,0.7297297297297297,0.6846846846846847,0.9382716049382716,0,1,1,1,0,1,0,0,0,0,0,1,0,2024,5,May,2,22,2,2024-05-01
0ELR493PP9,9615986059,4259262565,2024-05-18,133,99214,A02.3,87,79,Medicare,Denied,Patient eligibility issues,Yes,Open,Denied,54,8,0.6541353383458647,0.5939849624060151,0.9080459770114943,1,1,1,1,1,0,0,0,0,0,1,0,0,2024,5,May,2,20,6,2024-05-01
NYK85QFJ0M,5735726063,5714659263,2024-06-02,484,99214,A17.9,390,375,Commercial,Denied,Missing documentation,Yes,Pending,Paid,109,15,0.8057851239669421,0.7747933884297521,0.9615384615384616,1,0,1,1,1,1,0,0,0,0,1,0,0,2024,6,June,2,22,7,2024-06-01
7U2W94AYFZ,7173851900,9964057423,2024-06-20,147,99213,A18.7,125,125,Medicare,Denied,Duplicate claim,No,Denied,Denied,22,0,0.8503401360544217,0.8503401360544217,1.0,1,1,1,0,0,0,0,0,0,0,1,0,0,2024,6,June,2,25,4,2024-06-01
HA3XD6KGLI,8070792762,8006547727,2024-08-19,153,99223,A07.2,119,98,Self-Pay,Denied,Duplicate claim,Yes,Closed,Partially Paid,55,21,0.7777777777777778,0.6405228758169934,0.8235294117647058,1,0,1,1,0,1,0,0,0,0,1,0,0,2024,8,August,3,34,1,2024-08-01
UVS6HAYALP,6694579282,9440826536,2024-08-20,376,99214,A08.1,228,211,Medicaid,Under Review,Patient eligibility issues,No,Partially Paid,Partially Paid,165,17,0.6063829787234043,0.5611702127659575,0.9254385964912281,0,0,0,0,1,0,1,0,0,0,0,0,0,2024,8,August,3,34,2,2024-08-01
6LXMWY1BCC,7351609626,8426200571,2024-05-12,104,99215,A03.9,88,86,Self-Pay,Denied,Authorization not obtained,No,Denied,Partially Paid,18,2,0.8461538461538461,0.8269230769230769,0.9772727272727273,1,0,1,0,0,1,0,0,0,0,1,0,0,2024,5,May,2,19,7,2024-05-01
6LPK8EMVDS,0130734670,0174981020,2024-07-31,205,99238,A01.9,166,137,Self-Pay,Denied,Duplicate claim,No,Pending,Paid,68,29,0.8097560975609757,0.6682926829268293,0.8253012048192772,1,0,1,0,1,1,0,0,0,0,1,0,0,2024,7,July,3,31,3,2024-07-01
ES1H10757M,7233443454,9145404833,2024-07-23,117,99231,A18.6,99,97,Medicaid,Under Review,Patient eligibility issues,No,Open,Denied,20,2,0.8461538461538461,0.8290598290598291,0.9797979797979798,0,1,1,0,1,0,0,0,0,0,0,0,0,2024,7,July,3,30,2,2024-07-01
T8V8F2TJVN,2928797033,1157207911,2024-06-19,119,99215,A04.1,104,103,Medicare,Denied,Incorrect billing information,No,Partially Paid,Denied,16,1,0.8739495798319328,0.865546218487395,0.9903846153846154,1,1,1,0,1,0,0,1,0,0,1,0,0,2024,6,June,2,25,3,2024-06-01
BADGAN63O1,0456145390,9008471630,2024-07-25,172,99222,A05.4,147,127,Medicare,Under Review,Incorrect billing information,Yes,Open,Paid,45,20,0.8546511627906976,0.7383720930232558,0.8639455782312925,0,0,0,1,1,0,1,0,0,0,0,0,0,2024,7,July,3,30,4,2024-07-01
75AMCU420G,7285626297,0286087718,2024-07-05,177,99238,A05.1,121,99,Commercial,Denied,Incorrect billing information,Yes,On Hold,Paid,78,22,0.6836158192090396,0.559322033898305,0.8181818181818182,1,0,1,1,1,1,0,0,0,0,1,0,0,2024,7,July,3,27,5,2024-07-01
BRLBQB5Z8W,2869409083,1114596644,2024-08-28,485,99221,A03.2,403,351,Commercial,Paid,Duplicate claim,No,Closed,Paid,134,52,0.8309278350515464,0.7237113402061855,0.8709677419354839,0,0,0,0,0,0,0,0,0,0,0,1,0,2024,8,August,3,35,3,2024-08-01
JS9Z9BOJW0,3937216249,5042879695,2024-07-28,242,99214,A04.8,167,151,Self-Pay,Paid,Pre-existing condition,No,Denied,Paid,91,16,0.6900826446280992,0.6239669421487604,0.9041916167664671,0,0,0,0,0,0,0,1,0,0,0,1,0,2024,7,July,3,30,7,2024-07-01
AFCVL9N05Z,0369668919,3458366761,2024-05-01,108,99222,A05.0,66,58,Medicaid,Paid,Missing documentation,Yes,Closed,Partially Paid,50,8,0.6111111111111112,0.5370370370370371,0.8787878787878788,0,0,0,1,0,0,0,0,0,0,0,1,0,2024,5,May,2,18,3,2024-05-01
02HDTMEYBE,0711858460,2461117828,2024-05-20,330,99231,A15.0,279,252,Medicare,Under Review,Missing documentation,Yes,Denied,Paid,78,27,0.8454545454545455,0.7636363636363637,0.9032258064516129,0,0,0,1,0,0,1,0,0,0,0,0,0,2024,5,May,2,21,1,2024-05-01
RYK7V1USXY,5897418358,2950177319,2024-07-14,336,99221,A09.0,238,199,Medicare,Paid,Missing documentation,No,On Hold,Partially Paid,137,39,0.7083333333333334,0.5922619047619048,0.8361344537815126,0,0,0,0,1,0,0,0,0,0,0,1,0,2024,7,July,3,28,7,2024-07-01
H78BQWI46Q,4795470270,8971832176,2024-05-21,496,99231,A17.1,402,399,Medicaid,Under Review,Pre-existing condition,Yes,Closed,Denied,97,3,0.8104838709677419,0.8044354838709677,0.9925373134328358,0,1,1,1,0,0,0,1,0,0,0,0,0,2024,5,May,2,21,2,2024-05-01
L70MLPG9WX,7151448663,7713679245,2024-08-29,418,99233,A06.5,278,244,Commercial,Under Review,Pre-existing condition,No,Pending,Denied,174,34,0.6650717703349283,0.583732057416268,0.8776978417266187,0,1,1,0,1,0,0,0,0,0,0,0,0,2024,8,August,3,35,4,2024-08-01
WGL8FHI7HO,6028970254,8689739910,2024-06-17,323,99231,A18.9,240,207,Self-Pay,Under Review,Incorrect billing information,No,On Hold,Partially Paid,116,33,0.7430340557275542,0.6408668730650154,0.8625,0,0,0,0,1,0,1,0,0,0,0,0,0,2024,6,June,2,25,1,2024-06-01
ASAGRMN99L,9775867752,8170476216,2024-09-18,242,99213,A16.1,185,149,Medicare,Denied,Service not covered,No,Open,Paid,93,36,0.7644628099173554,0.6157024793388429,0.8054054054054054,1,0,1,0,1,1,0,0,0,0,1,0,0,2024,9,September,3,38,3,2024-09-01
FP4D1HMS97,5645859777,1205973975,2024-09-04,276,99233,A18.8,248,221,Commercial,Denied,Authorization not obtained,No,Denied,Partially Paid,55,27,0.8985507246376812,0.8007246376811594,0.8911290322580645,1,0,1,0,0,1,0,0,0,0,1,0,0,2024,9,September,3,36,3,2024-09-01
N3LXU6E2HC,6557993523,0147876360,2024-05-03,224,99222,A01.0,146,119,Self-Pay,Denied,Pre-existing condition,Yes,Pending,Denied,105,27,0.6517857142857143,0.53125,0.815068493150685,1,1,1,1,1,0,0,0,0,0,1,0,0,2024,5,May,2,18,5,2024-05-01
JTXKJPEWZQ,5502957837,6805658855,2024-06-10,315,99221,A04.7,239,220,Medicare,Under Review,Authorization not obtained,No,Closed,Denied,95,19,0.7587301587301587,0.6984126984126984,0.9205020920502092,0,1,1,0,0,0,0,1,0,0,0,0,0,2024,6,June,2,24,1,2024-06-01
YC4IVKN73T,4411984337,5577372142,2024-09-20,408,99222,A02.0,249,246,Self-Pay,Under Review,Service not covered,No,Open,Denied,162,3,0.6102941176470589,0.6029411764705882,0.9879518072289156,0,1,1,0,1,0,0,0,0,0,0,0,0,2024,9,September,3,38,5,2024-09-01
DE86ZVSWGN,0573093068,6807012361,2024-09-04,493,99223,A18.4,317,299,Medicaid,Under Review,Authorization not obtained,No,Pending,Paid,194,18,0.6430020283975659,0.6064908722109533,0.943217665615142,0,0,0,0,1,0,1,0,0,0,0,0,0,2024,9,September,3,36,3,2024-09-01
68L79548I3,9283102351,1208634062,2024-07-18,353,99238,A02.3,216,214,Self-Pay,Under Review,Service not covered,Yes,Denied,Denied,139,2,0.6118980169971672,0.6062322946175638,0.9907407407407407,0,1,1,1,0,0,0,0,0,0,0,0,0,2024,7,July,3,29,4,2024-07-01
KBNFZU8SYL,9072621104,1729742693,2024-09-16,463,99221,A04.8,292,273,Commercial,Denied,Lack of medical necessity,No,Closed,Denied,190,19,0.6306695464362851,0.5896328293736501,0.934931506849315,1,1,1,0,0,0,0,0,0,0,1,0,0,2024,9,September,3,38,1,2024-09-01
B7CSMGD65V,5018192446,1376607162,2024-05-03,248,99221,A01.4,223,181,Medicaid,Under Review,Missing documentation,Yes,Denied,Partially Paid,67,42,0.8991935483870968,0.7298387096774194,0.8116591928251121,0,0,0,1,0,0,1,0,0,0,0,0,0,2024,5,May,2,18,5,2024-05-01
7JDTQEZSPW,3644010752,9367796472,2024-09-08,232,99215,A03.9,149,147,Self-Pay,Paid,Authorization not obtained,No,Closed,Partially Paid,85,2,0.6422413793103449,0.6336206896551724,0.9865771812080537,0,0,0,0,0,0,0,0,0,0,0,1,0,2024,9,September,3,36,7,2024-09-01
BM46KSJ4FY,3429716470,6436277541,2024-06-25,382,99223,A04.7,338,321,Commercial,Paid,Incorrect billing information,No,On Hold,Paid,61,17,0.8848167539267016,0.8403141361256544,0.9497041420118343,0,0,0,0,1,0,0,0,0,0,0,1,0,2024,6,June,2,26,2,2024-06-01
TNT7EEVKZX,2806576174,6537516979,2024-07-23,370,99215,A02.1,287,261,Medicare,Under Review,Lack of medical necessity,Yes,Closed,Partially Paid,109,26,0.7756756756756756,0.7054054054054054,0.9094076655052264,0,0,0,1,0,0,1,1,0,0,0,0,0,2024,7,July,3,30,2,2024-07-01
5Y01VKW01M,4600191164,9957816389,2024-05-22,302,99232,A05.8,240,226,Self-Pay,Paid,Duplicate claim,Yes,Pending,Denied,76,14,0.7947019867549668,0.7483443708609272,0.9416666666666667,0,1,1,1,1,1,0,0,0,0,0,1,0,2024,5,May,2,21,3,2024-05-01
XRRAATHX7I,7385813323,7534373250,2024-09-02,119,99238,A16.3,106,93,Medicaid,Paid,Duplicate claim,Yes,On Hold,Partially Paid,26,13,0.8907563025210085,0.7815126050420168,0.8773584905660378,0,0,0,1,1,0,0,0,0,0,0,1,0,2024,9,September,3,36,1,2024-09-01
4LMUCC6EEL,5841571573,7939533727,2024-07-16,395,99221,A17.1,239,227,Medicare,Paid,Duplicate claim,Yes,Closed,Paid,168,12,0.6050632911392405,0.5746835443037974,0.9497907949790795,0,0,0,1,0,0,0,0,0,0,0,1,0,2024,7,July,3,29,2,2024-07-01
CPRNC20S0K,4719008136,5870158015,2024-09-05,379,99231,A06.8,249,199,Commercial,Under Review,Pre-existing condition,No,On Hold,Paid,180,50,0.6569920844327177,0.525065963060686,0.7991967871485943,0,0,0,0,1,0,1,0,0,0,0,0,0,2024,9,September,3,36,4,2024-09-01
CVF7Y7KAOZ,7101620088,3150047663,2024-07-15,367,99232,A01.4,246,224,Medicaid,Paid,Lack of medical necessity,No,Denied,Paid,143,22,0.670299727520436,0.6103542234332425,0.9105691056910569,0,0,0,0,0,0,0,1,0,0,0,1,0,2024,7,July,3,29,1,2024-07-01
R7RLXFRSWX,4228202914,9942429653,2024-07-22,297,99222,A02.0,252,213,Commercial,Denied,Lack of medical necessity,No,Open,Partially Paid,84,39,0.8484848484848485,0.7171717171717171,0.8452380952380952,1,0,1,0,1,1,0,0,0,0,1,0,0,2024,7,July,3,30,1,2024-07-01
FNX1TBN1XF,0338258200,2073344282,2024-08-30,445,99223,A05.8,396,318,Commercial,Paid,Missing documentation,No,Partially Paid,Denied,127,78,0.8898876404494382,0.7146067415730337,0.803030303030303,0,1,1,0,1,1,0,0,0,0,0,1,0,2024,8,August,3,35,5,2024-08-01
WE9JLOLRC8,5076752709,7310074933,2024-07-21,474,99215,A06.7,377,307,Medicaid,Under Review,Pre-existing condition,No,Pending,Denied,167,70,0.7953586497890295,0.6476793248945147,0.8143236074270557,0,1,1,0,1,0,0,0,0,0,0,0,0,2024,7,July,3,29,7,2024-07-01
UXDDPVCG8H,2247565484,0177752633,2024-07-07,143,99223,A18.5,94,78,Medicare,Paid,Patient eligibility issues,Yes,Open,Denied,65,16,0.6573426573426573,0.5454545454545454,0.8297872340425532,0,1,1,1,1,1,0,0,0,0,0,1,0,2024,7,July,3,27,7,2024-07-01
FOUC4DURB1,0555367293,0844074830,2024-07-21,439,99213,A03.2,302,274,Self-Pay,Denied,Incorrect billing information,Yes,Denied,Partially Paid,165,28,0.6879271070615034,0.6241457858769932,0.9072847682119205,1,0,1,1,0,1,0,0,0,0,1,0,0,2024,7,July,3,29,7,2024-07-01
E4MFSKTKPN,5102035133,9788670265,2024-05-08,253,99214,A01.9,210,180,Self-Pay,Denied,Missing documentation,Yes,Partially Paid,Denied,73,30,0.8300395256916996,0.7114624505928854,0.8571428571428571,1,1,1,1,1,0,0,1,0,0,1,0,0,2024,5,May,2,19,3,2024-05-01
IN0BAMQIXM,6662024316,3995084617,2024-07-21,445,99222,A15.9,338,326,Commercial,Denied,Authorization not obtained,No,Denied,Partially Paid,119,12,0.7595505617977528,0.7325842696629213,0.9644970414201184,1,0,1,0,0,1,0,0,0,0,1,0,0,2024,7,July,3,29,7,2024-07-01
RI8HZ0BFT4,6162909409,2724295027,2024-05-15,166,99215,A16.7,129,116,Self-Pay,Under Review,Missing documentation,Yes,On Hold,Paid,50,13,0.7771084337349398,0.6987951807228916,0.8992248062015504,0,0,0,1,1,0,1,0,0,0,0,0,0,2024,5,May,2,20,3,2024-05-01
B5ULJ1M5SS,7517757181,0801630084,2024-06-05,291,99231,A17.8,206,179,Commercial,Denied,Patient eligibility issues,Yes,Partially Paid,Denied,112,27,0.7079037800687286,0.6151202749140894,0.8689320388349514,1,1,1,1,1,0,0,1,0,0,1,0,0,2024,6,June,2,23,3,2024-06-01
90VPEVGZTG,3163924465,8706697959,2024-05-09,359,99233,A03.9,280,257,Medicaid,Paid,Service not covered,No,Partially Paid,Denied,102,23,0.7799442896935933,0.7158774373259053,0.9178571428571428,0,1,1,0,1,1,0,0,0,0,0,1,0,2024,5,May,2,19,4,2024-05-01
NFRJPHB0YM,7816165660,1803380756,2024-08-14,171,99223,A02.9,153,139,Self-Pay,Paid,Incorrect billing information,No,Partially Paid,Partially Paid,32,14,0.8947368421052632,0.8128654970760234,0.9084967320261438,0,0,0,0,1,0,0,0,0,0,0,1,0,2024,8,August,3,33,3,2024-08-01
GO8ABAHN8D,5202330429,9305137373,2024-06-04,246,99233,A18.0,182,163,Commercial,Denied,Pre-existing condition,No,On Hold,Denied,83,19,0.7398373983739838,0.6626016260162602,0.8956043956043956,1,1,1,0,1,0,0,0,0,0,1,0,0,2024,6,June,2,23,2,2024-06-01
2Q8UK89CPS,1763031570,5386974299,2024-05-15,441,99214,A05.5,352,308,Medicare,Under Review,Pre-existing condition,No,Closed,Paid,133,44,0.7981859410430839,0.6984126984126984,0.875,0,0,0,0,0,0,1,1,0,0,0,0,0,2024,5,May,2,20,3,2024-05-01
J0JCK9H2HR,1248011421,0102660729,2024-07-20,166,99233,A01.6,100,87,Medicaid,Denied,Lack of medical necessity,Yes,Pending,Paid,79,13,0.6024096385542169,0.5240963855421686,0.87,1,0,1,1,1,1,0,0,0,0,1,0,0,2024,7,July,3,29,6,2024-07-01
MU2O5Y4HBK,2448387310,3213129998,2024-08-14,483,99238,A16.9,379,328,Medicare,Denied,Duplicate claim,No,On Hold,Paid,155,51,0.7846790890269151,0.6790890269151139,0.8654353562005277,1,0,1,0,1,1,0,0,0,0,1,0,0,2024,8,August,3,33,3,2024-08-01
BH0DC85TS6,9877748959,9935998291,2024-09-11,206,99223,A18.3,148,144,Medicaid,Under Review,Service not covered,No,Open,Paid,62,4,0.7184466019417476,0.6990291262135923,0.972972972972973,0,0,0,0,1,0,1,0,0,0,0,0,0,2024,9,September,3,37,3,2024-09-01
TC3HF0R7CG,8320900159,9179542709,2024-07-11,419,99213,A03.2,308,282,Medicaid,Paid,Service not covered,Yes,Denied,Paid,137,26,0.7350835322195705,0.6730310262529833,0.9155844155844156,0,0,0,1,0,0,0,1,0,0,0,1,0,2024,7,July,3,28,4,2024-07-01
6YE0Z7FPZF,4359325467,9127898694,2024-08-17,214,99223,A01.0,168,139,Medicaid,Under Review,Patient eligibility issues,Yes,On Hold,Denied,75,29,0.7850467289719626,0.6495327102803738,0.8273809523809523,0,1,1,1,1,0,0,0,0,0,0,0,0,2024,8,August,3,33,6,2024-08-01
97S0OI2HTJ,0879587768,9047703770,2024-05-13,435,99213,A15.0,267,254,Self-Pay,Denied,Authorization not obtained,No,On Hold,Partially Paid,181,13,0.6137931034482759,0.5839080459770115,0.951310861423221,1,0,1,0,1,1,0,0,0,0,1,0,0,2024,5,May,2,20,1,2024-05-01
JV9HY385RY,8037162271,6573965590,2024-05-19,398,99215,A18.0,288,248,Self-Pay,Denied,Authorization not obtained,Yes,Pending,Partially Paid,150,40,0.7236180904522613,0.6231155778894473,0.8611111111111112,1,0,1,1,1,1,0,0,0,0,1,0,0,2024,5,May,2,20,7,2024-05-01
VIQOSRTPW6,9233010989,3902268195,2024-07-17,331,99223,A05.9,246,231,Medicaid,Paid,Patient eligibility issues,Yes,Partially Paid,Denied,100,15,0.743202416918429,0.6978851963746223,0.9390243902439024,0,1,1,1,1,1,0,0,0,0,0,1,0,2024,7,July,3,29,3,2024-07-01
R4TIU6SCHJ,0085050275,2068240474,2024-06-09,414,99222,A17.0,363,310,Medicare,Paid,Incorrect billing information,Yes,Denied,Denied,104,53,0.8768115942028986,0.748792270531401,0.8539944903581267,0,1,1,1,0,1,0,1,0,0,0,1,0,2024,6,June,2,23,7,2024-06-01
6JFCY852AG,2431179878,6019180780,2024-07-31,123,99238,A18.7,76,70,Medicaid,Denied,Patient eligibility issues,No,On Hold,Partially Paid,53,6,0.6178861788617886,0.5691056910569106,0.9210526315789473,1,0,1,0,1,1,0,0,0,0,1,0,0,2024,7,July,3,31,3,2024-07-01
BPQGMWQA5R,0572724767,4513260071,2024-07-01,348,99213,A00.1,214,176,Medicare,Denied,Pre-existing condition,Yes,On Hold,Paid,172,38,0.6149425287356322,0.5057471264367817,0.822429906542056,1,0,1,1,1,1,0,0,0,0,1,0,0,2024,7,July,3,27,1,2024-07-01
5TKHQC4OPH,8974653448,9745060647,2024-08-29,412,99232,A15.1,301,246,Medicare,Paid,Authorization not obtained,Yes,Partially Paid,Denied,166,55,0.7305825242718447,0.5970873786407767,0.8172757475083057,0,1,1,1,1,1,0,0,0,0,0,1,0,2024,8,August,3,35,4,2024-08-01
OLX3Q4HRIX,6733145733,8958657001,2024-05-25,320,99213,A17.8,256,217,Medicaid,Paid,Service not covered,No,Closed,Denied,103,39,0.8,0.678125,0.84765625,0,1,1,0,0,1,0,0,0,0,0,1,0,2024,5,May,2,21,6,2024-05-01
3VEZPISXYZ,9514225566,7417850570,2024-07-06,472,99222,A08.0,293,256,Medicaid,Paid,Patient eligibility issues,Yes,On Hold,Partially Paid,216,37,0.6207627118644068,0.5423728813559322,0.8737201365187713,0,0,0,1,1,0,0,0,0,0,0,1,0,2024,7,July,3,27,6,2024-07-01
FQBY5Z2ZG2,6282616529,2726589636,2024-09-09,208,99232,A01.5,187,167,Commercial,Under Review,Incorrect billing information,Yes,Open,Partially Paid,41,20,0.8990384615384616,0.8028846153846154,0.893048128342246,0,0,0,1,1,0,1,0,0,0,0,0,0,2024,9,September,3,37,1,2024-09-01
DTYB61YENA,0624597876,7975721708,2024-05-07,431,99221,A06.3,261,233,Medicare,Under Review,Incorrect billing information,No,Denied,Paid,198,28,0.605568445475638,0.5406032482598608,0.89272030651341,0,0,0,0,0,0,1,0,0,0,0,0,0,2024,5,May,2,19,2,2024-05-01
RZUF3PE99H,4317187883,8605154861,2024-06-30,331,99232,A04.2,261,252,Commercial,Denied,Lack of medical necessity,No,Closed,Denied,79,9,0.7885196374622356,0.7613293051359517,0.9655172413793104,1,1,1,0,0,0,0,0,0,0,1,0,0,2024,6,June,2,26,7,2024-06-01
SVR2H11FYO,6813884956,1223676820,2024-07-28,485,99221,A01.3,418,389,Medicare,Under Review,Authorization not obtained,No,Pending,Partially Paid,96,29,0.8618556701030928,0.8020618556701031,0.930622009569378,0,0,0,0,1,0,1,0,0,0,0,0,0,2024,7,July,3,30,7,2024-07-01
1R1XZAPUJU,8963225657,2686050027,2024-06-23,325,99215,A04.1,212,203,Self-Pay,Denied,Pre-existing condition,No,On Hold,Denied,122,9,0.6523076923076923,0.6246153846153846,0.9575471698113207,1,1,1,0,1,0,0,0,0,0,1,0,0,2024,6,June,2,25,7,2024-06-01
01L9NHVIUU,5500130250,8682114584,2024-05-14,483,99223,A06.3,310,252,Medicaid,Denied,Missing documentation,Yes,On Hold,Denied,231,58,0.6418219461697723,0.5217391304347826,0.8129032258064516,1,1,1,1,1,0,0,0,0,0,1,0,0,2024,5,May,2,20,2,2024-05-01
CL2E6108TV,3827690738,7188352584,2024-08-31,327,99233,A18.1,275,255,Self-Pay,Paid,Incorrect billing information,No,On Hold,Paid,72,20,0.8409785932721713,0.7798165137614679,0.9272727272727272,0,0,0,0,1,0,0,0,0,0,0,1,0,2024,8,August,3,35,6,2024-08-01
OAQOSKB3CR,6766860390,3955425817,2024-08-17,165,99238,A16.7,143,141,Commercial,Denied,Incorrect billing information,No,Denied,Paid,24,2,0.8666666666666667,0.8545454545454545,0.986013986013986,1,0,1,0,0,1,0,0,0,0,1,0,0,2024,8,August,3,33,6,2024-08-01
XF5680G3VT,0785844960,3669505885,2024-07-06,371,99223,A16.8,238,207,Self-Pay,Denied,Authorization not obtained,No,Open,Denied,164,31,0.6415094339622641,0.5579514824797843,0.8697478991596639,1,1,1,0,1,0,0,0,0,0,1,0,0,2024,7,July,3,27,6,2024-07-01
R2SLJKKWFZ,3392888571,1561872991,2024-05-28,140,99232,A02.0,92,82,Commercial,Paid,Patient eligibility issues,Yes,Pending,Partially Paid,58,10,0.6571428571428571,0.5857142857142857,0.8913043478260869,0,0,0,1,1,0,0,0,0,0,0,1,0,2024,5,May,2,22,2,2024-05-01
LQYHO7NJCW,5416156337,3838996686,2024-07-18,432,99238,A06.8,262,221,Commercial,Paid,Pre-existing condition,No,Denied,Partially Paid,211,41,0.6064814814814815,0.5115740740740741,0.8435114503816794,0,0,0,0,0,0,0,1,0,0,0,1,0,2024,7,July,3,29,4,2024-07-01
GHVECIEWLH,1924041130,7585731683,2024-08-24,275,99214,A15.0,217,184,Medicare,Paid,Incorrect billing information,No,Partially Paid,Partially Paid,91,33,0.7890909090909091,0.6690909090909091,0.847926267281106,0,0,0,0,1,0,0,0,0,0,0,1,0,2024,8,August,3,34,6,2024-08-01
C3PKOULKZP,9161236353,5969232788,2024-09-18,114,99223,A18.9,86,72,Commercial,Under Review,Missing documentation,Yes,Closed,Denied,42,14,0.7543859649122807,0.631578947368421,0.8372093023255814,0,1,1,1,0,0,0,1,0,0,0,0,0,2024,9,September,3,38,3,2024-09-01
IFPYN6IAQA,7892313469,6866415132,2024-06-15,360,99222,A05.3,290,262,Medicare,Denied,Authorization not obtained,Yes,Closed,Denied,98,28,0.8055555555555556,0.7277777777777777,0.903448275862069,1,1,1,1,0,0,0,0,0,0,1,0,0,2024,6,June,2,24,6,2024-06-01
96MDHYJRRY,7252880086,4090505090,2024-07-02,190,99213,A18.8,166,164,Commercial,Denied,Pre-existing condition,Yes,Denied,Partially Paid,26,2,0.8736842105263158,0.8631578947368421,0.9879518072289156,1,0,1,1,0,1,0,0,0,0,1,0,0,2024,7,July,3,27,2,2024-07-01
N0T94WRUFA,2374833283,0033738494,2024-06-27,170,99215,A18.1,122,112,Medicare,Denied,Pre-existing condition,Yes,Open,Partially Paid,58,10,0.7176470588235294,0.6588235294117647,0.9180327868852459,1,0,1,1,1,1,0,0,0,0,1,0,0,2024,6,June,2,26,4,2024-06-01
C9ZBG0R9D0,8061890872,6614375516,2024-06-25,307,99238,A19.9,261,242,Commercial,Under Review,Pre-existing condition,Yes,Partially Paid,Partially Paid,65,19,0.8501628664495114,0.7882736156351792,0.9272030651340997,0,0,0,1,1,0,1,0,0,0,0,0,0,2024,6,June,2,26,2,2024-06-01
KIDOEFPCL0,8423780474,6007440157,2024-05-08,393,99222,A08.0,308,265,Medicare,Paid,Duplicate claim,Yes,On Hold,Denied,128,43,0.7837150127226463,0.6743002544529262,0.8603896103896104,0,1,1,1,1,1,0,0,0,0,0,1,0,2024,5,May,2,19,3,2024-05-01
B9L38ZKA7V,3489681201,9521876139,2024-08-31,134,99221,A16.5,96,93,Medicare,Paid,Missing documentation,No,Closed,Paid,41,3,0.7164179104477612,0.6940298507462687,0.96875,0,0,0,0,0,0,0,0,0,0,0,1,0,2024,8,August,3,35,6,2024-08-01
8EW7CJOK89,6592069398,0990756856,2024-08-30,168,99238,A15.9,145,119,Medicaid,Paid,Patient eligibility issues,Yes,Pending,Partially Paid,49,26,0.8630952380952381,0.7083333333333334,0.8206896551724138,0,0,0,1,1,0,0,0,0,0,0,1,0,2024,8,August,3,35,5,2024-08-01
7E8Y0EUKNJ,9406678657,8744259500,2024-06-11,325,99233,A05.4,276,262,Self-Pay,Denied,Incorrect billing information,No,Open,Denied,63,14,0.8492307692307692,0.8061538461538461,0.9492753623188406,1,1,1,0,1,0,0,0,0,0,1,0,0,2024,6,June,2,24,2,2024-06-01
YGQUDAGP9B,4497003626,9891331064,2024-06-15,384,99213,A18.1,257,228,Self-Pay,Denied,Incorrect billing information,No,On Hold,Partially Paid,156,29,0.6692708333333334,0.59375,0.8871595330739299,1,0,1,0,1,1,0,0,0,0,1,0,0,2024,6,June,2,24,6,2024-06-01
DH2T793H5U,2738249899,4476871677,2024-08-05,208,99215,A06.8,150,144,Medicare,Denied,Incorrect billing information,Yes,Pending,Paid,64,6,0.7211538461538461,0.6923076923076923,0.96,1,0,1,1,1,1,0,0,0,0,1,0,0,2024,8,August,3,32,1,2024-08-01
FSKS53L7J4,6759559384,7560566891,2024-06-16,483,99238,A05.4,426,368,Medicaid,Denied,Service not covered,Yes,Closed,Paid,115,58,0.8819875776397516,0.7619047619047619,0.863849765258216,1,0,1,1,0,1,0,0,0,0,1,0,0,2024,6,June,2,24,7,2024-06-01
0UG8YIGH0T,8251870975,6023208167,2024-09-13,131,99223,A05.6,114,93,Self-Pay,Paid,Pre-existing condition,No,Denied,Denied,38,21,0.8702290076335878,0.7099236641221374,0.8157894736842105,0,1,1,0,0,1,0,1,0,0,0,1,0,2024,9,September,3,37,5,2024-09-01
5WEE0PSTC3,6706821299,1125988637,2024-08-01,159,99231,A07.1,105,101,Commercial,Denied,Duplicate claim,No,Partially Paid,Paid,58,4,0.660377358490566,0.6352201257861635,0.9619047619047619,1,0,1,0,1,1,0,1,0,0,1,0,0,2024,8,August,3,31,4,2024-08-01
UMCTO3BEC0,5729809420,0124459893,2024-08-04,159,99238,A18.5,113,99,Commercial,Under Review,Pre-existing condition,Yes,Pending,Partially Paid,60,14,0.710691823899371,0.6226415094339622,0.8761061946902655,0,0,0,1,1,0,1,0,0,0,0,0,0,2024,8,August,3,31,7,2024-08-01
H4QNL8ZBRP,8426605489,1775175627,2024-09-17,460,99231,A04.7,398,360,Commercial,Denied,Incorrect billing information,No,Partially Paid,Paid,100,38,0.8652173913043478,0.782608695652174,0.9045226130653267,1,0,1,0,1,1,0,1,0,0,1,0,0,2024,9,September,3,38,2,2024-09-01
1RSN8PDSYU,5859909550,0368241742,2024-05-27,410,99221,A04.5,339,295,Medicare,Denied,Incorrect billing information,No,Denied,Paid,115,44,0.8268292682926829,0.7195121951219512,0.8702064896755162,1,0,1,0,0,1,0,0,0,0,1,0,0,2024,5,May,2,22,1,2024-05-01
XD8C82CW3P,5030320086,5065412167,2024-09-12,162,99215,A15.0,108,103,Medicaid,Denied,Pre-existing condition,Yes,Closed,Partially Paid,59,5,0.6666666666666666,0.6358024691358025,0.9537037037037037,1,0,1,1,0,1,0,0,0,0,1,0,0,2024,9,September,3,37,4,2024-09-01
3GNCR4HL46,3111597016,6453916157,2024-05-17,421,99221,A16.0,308,290,Self-Pay,Paid,Service not covered,Yes,Closed,Partially Paid,131,18,0.7315914489311164,0.6888361045130641,0.9415584415584416,0,0,0,1,0,0,0,0,0,0,0,1,0,2024,5,May,2,20,5,2024-05-01
16QBHSWXOJ,9263611103,2628036298,2024-09-20,304,99231,A05.2,253,230,Medicaid,Paid,Authorization not obtained,No,Partially Paid,Paid,74,23,0.8322368421052632,0.756578947368421,0.9090909090909091,0,0,0,0,1,0,0,0,0,0,0,1,0,2024,9,September,3,38,5,2024-09-01
3XS4QK00DY,1612789267,2615650727,2024-06-08,216,99231,A04.5,178,162,Medicaid,Paid,Duplicate claim,Yes,Closed,Partially Paid,54,16,0.8240740740740741,0.75,0.9101123595505618,0,0,0,1,0,0,0,0,0,0,0,1,0,2024,6,June,2,23,6,2024-06-01
SPFYYRQ9GH,2560917013,1136643067,2024-08-31,382,99231,A03.1,289,286,Commercial,Denied,Duplicate claim,Yes,Pending,Partially Paid,96,3,0.756544502617801,0.7486910994764397,0.9896193771626297,1,0,1,1,1,1,0,0,0,0,1,0,0,2024,8,August,3,35,6,2024-08-01
CCDDLJ7UW8,8580010110,7662231425,2024-07-08,474,99231,A19.9,416,405,Commercial,Paid,Authorization not obtained,No,Open,Partially Paid,69,11,0.8776371308016878,0.8544303797468354,0.9735576923076923,0,0,0,0,1,0,0,0,0,0,0,1,0,2024,7,July,3,28,1,2024-07-01
0WRW4TL9HD,2460239809,5529613276,2024-08-30,405,99231,A04.1,264,221,Commercial,Denied,Pre-existing condition,No,Pending,Denied,184,43,0.6518518518518519,0.5456790123456791,0.8371212121212122,1,1,1,0,1,0,0,0,0,0,1,0,0,2024,8,August,3,35,5,2024-08-01
BM10M6FKNZ,4697382519,4833982669,2024-09-12,143,99231,A02.3,119,102,Medicaid,Paid,Service not covered,No,On Hold,Denied,41,17,0.8321678321678322,0.7132867132867133,0.8571428571428571,0,1,1,0,1,1,0,0,0,0,0,1,0,2024,9,September,3,37,4,2024-09-01
3JUWWCNMLF,7396720759,0299331857,2024-09-07,368,99214,A04.8,289,261,Self-Pay,Under Review,Authorization not obtained,Yes,On Hold,Paid,107,28,0.7853260869565217,0.7092391304347826,0.903114186851211,0,0,0,1,1,0,1,0,0,0,0,0,0,2024,9,September,3,36,6,2024-09-01
AHYTK3IUCS,9782402922,1307098193,2024-07-30,303,99222,A01.6,198,194,Medicare,Under Review,Service not covered,No,Pending,Partially Paid,109,4,0.6534653465346535,0.6402640264026402,0.9797979797979798,0,0,0,0,1,0,1,0,0,0,0,0,0,2024,7,July,3,31,2,2024-07-01
9VLDIYIQ8G,9057920106,6942480177,2024-06-09,307,99233,A06.0,229,187,Medicaid,Paid,Missing documentation,Yes,Pending,Paid,120,42,0.745928338762215,0.6091205211726385,0.8165938864628821,0,0,0,1,1,0,0,0,0,0,0,1,0,2024,6,June,2,23,7,2024-06-01
AXFYJ7MX3A,8677752721,4601673540,2024-05-06,141,99221,A19.9,105,90,Medicaid,Denied,Lack of medical necessity,Yes,Partially Paid,Denied,51,15,0.7446808510638298,0.6382978723404256,0.8571428571428571,1,1,1,1,1,0,0,1,0,0,1,0,0,2024,5,May,2,19,1,2024-05-01
NY9SLPB2UB,0483386493,5630015141,2024-05-08,423,99231,A09.0,318,266,Medicaid,Under Review,Patient eligibility issues,No,Pending,Paid,157,52,0.75177304964539,0.6288416075650118,0.8364779874213837,0,0,0,0,1,0,1,0,0,0,0,0,0,2024,5,May,2,19,3,2024-05-01
WQJ50L25Y4,6597943752,6244168815,2024-07-24,331,99233,A09.9,271,231,Commercial,Under Review,Lack of medical necessity,No,Denied,Denied,100,40,0.8187311178247734,0.6978851963746223,0.8523985239852399,0,1,1,0,0,0,0,0,0,0,0,0,0,2024,7,July,3,30,3,2024-07-01
LRU2G1YR12,2965863246,8447651611,2024-08-07,134,99232,A07.9,113,93,Medicare,Denied,Pre-existing condition,No,Partially Paid,Partially Paid,41,20,0.8432835820895522,0.6940298507462687,0.8230088495575221,1,0,1,0,1,1,0,1,0,0,1,0,0,2024,8,August,3,32,3,2024-08-01
J9ECN1F636,4869510072,2805664052,2024-09-05,385,99222,A16.2,243,196,Medicare,Under Review,Incorrect billing information,Yes,Denied,Paid,189,47,0.6311688311688312,0.509090909090909,0.8065843621399177,0,0,0,1,0,0,1,0,0,0,0,0,0,2024,9,September,3,36,4,2024-09-01
C7Z7JJWRJN,0440299261,2625304415,2024-05-24,464,99213,A06.1,316,292,Medicare,Under Review,Patient eligibility issues,No,On Hold,Denied,172,24,0.6810344827586207,0.6293103448275862,0.9240506329113924,0,1,1,0,1,0,0,0,0,0,0,0,0,2024,5,May,2,21,5,2024-05-01
8GX912R67E,1703050286,1235818775,2024-09-08,328,99214,A04.9,230,215,Self-Pay,Paid,Pre-existing condition,Yes,On Hold,Denied,113,15,0.7012195121951219,0.6554878048780488,0.9347826086956522,0,1,1,1,1,1,0,0,0,0,0,1,0,2024,9,September,3,36,7,2024-09-01
1QJPSYN8CF,8387167886,6937966604,2024-05-10,169,99223,A05.5,141,117,Commercial,Under Review,Missing documentation,Yes,Closed,Partially Paid,52,24,0.834319526627219,0.6923076923076923,0.8297872340425532,0,0,0,1,0,0,1,1,0,0,0,0,0,2024,5,May,2,19,5,2024-05-01
VGUXDCV9Y8,2927077214,5735515689,2024-06-15,118,99215,A06.0,82,68,Commercial,Under Review,Lack of medical necessity,No,Denied,Paid,50,14,0.6949152542372882,0.576271186440678,0.8292682926829268,0,0,0,0,0,0,1,0,0,0,0,0,0,2024,6,June,2,24,6,2024-06-01
4K4Z6BCD6J,6929356945,2851563376,2024-05-05,339,99215,A08.2,275,244,Medicaid,Paid,Missing documentation,Yes,Pending,Paid,95,31,0.8112094395280236,0.7197640117994101,0.8872727272727273,0,0,0,1,1,0,0,0,0,0,0,1,0,2024,5,May,2,18,7,2024-05-01
C00FD4KL4V,8409632684,5733036311,2024-06-27,286,99215,A03.9,242,215,Medicaid,Denied,Pre-existing condition,Yes,Open,Denied,71,27,0.8461538461538461,0.7517482517482518,0.8884297520661157,1,1,1,1,1,0,0,0,0,0,1,0,0,2024,6,June,2,26,4,2024-06-01
DNFMWNRD9U,9590068541,9571328178,2024-07-28,111,99232,A02.2,70,66,Medicare,Denied,Patient eligibility issues,No,Partially Paid,Paid,45,4,0.6306306306306306,0.5945945945945946,0.9428571428571428,1,0,1,0,1,1,0,1,0,0,1,0,0,2024,7,July,3,30,7,2024-07-01
9Y4KE7SXSQ,0169749219,0962093076,2024-08-16,322,99233,A16.1,240,236,Medicare,Paid,Pre-existing condition,No,Pending,Denied,86,4,0.7453416149068323,0.7329192546583851,0.9833333333333333,0,1,1,0,1,1,0,0,0,0,0,1,0,2024,8,August,3,33,5,2024-08-01
DAVFOV90QE,1403744869,5971718138,2024-08-21,197,99232,A07.1,149,144,Medicaid,Denied,Lack of medical necessity,No,Pending,Paid,53,5,0.7563451776649747,0.7309644670050761,0.9664429530201343,1,0,1,0,1,1,0,0,0,0,1,0,0,2024,8,August,3,34,3,2024-08-01
ALM8QCMOBM,9138233216,1097954273,2024-05-06,135,99232,A15.9,111,92,Self-Pay,Under Review,Authorization not obtained,Yes,Closed,Partially Paid,43,19,0.8222222222222222,0.6814814814814815,0.8288288288288288,0,0,0,1,0,0,1,1,0,0,0,0,0,2024,5,May,2,19,1,2024-05-01
SDC9H2BOJC,4805561025,9026963603,2024-08-27,232,99215,A04.8,170,148,Medicare,Paid,Incorrect billing information,Yes,On Hold,Paid,84,22,0.7327586206896551,0.6379310344827587,0.8705882352941177,0,0,0,1,1,0,0,0,0,0,0,1,0,2024,8,August,3,35,2,2024-08-01
AZLH3XYRRW,8105376676,4316744945,2024-06-12,395,99232,A03.3,342,288,Medicare,Under Review,Patient eligibility issues,Yes,Open,Partially Paid,107,54,0.8658227848101265,0.7291139240506329,0.8421052631578947,0,0,0,1,1,0,1,0,0,0,0,0,0,2024,6,June,2,24,3,2024-06-01
IVSNZQUSXZ,9149963473,8204490032,2024-06-12,177,99232,A04.7,142,118,Commercial,Paid,Duplicate claim,Yes,On Hold,Denied,59,24,0.8022598870056498,0.6666666666666666,0.8309859154929577,0,1,1,1,1,1,0,0,0,0,0,1,0,2024,6,June,2,24,3,2024-06-01
Z33I5R1X6S,9772695323,9883754872,2024-09-05,392,99223,A02.9,287,264,Commercial,Paid,Authorization not obtained,Yes,Open,Paid,128,23,0.7321428571428571,0.673469387755102,0.9198606271777003,0,0,0,1,1,0,0,0,0,0,0,1,0,2024,9,September,3,36,4,2024-09-01
12RGJ3FDA4,7120927920,9180186945,2024-07-21,364,99232,A17.8,316,287,Commercial,Under Review,Incorrect billing information,No,Pending,Denied,77,29,0.8681318681318682,0.7884615384615384,0.9082278481012658,0,1,1,0,1,0,0,0,0,0,0,0,0,2024,7,July,3,29,7,2024-07-01
OF3WTXDV0U,9421357067,4534495166,2024-08-05,449,99233,A08.2,278,268,Medicare,Under Review,Service not covered,Yes,Denied,Paid,181,10,0.6191536748329621,0.5968819599109132,0.9640287769784173,0,0,0,1,0,0,1,0,0,0,0,0,0,2024,8,August,3,32,1,2024-08-01
WP7M866DJT,2374144366,0809223892,2024-06-16,227,99231,A04.9,150,136,Self-Pay,Under Review,Duplicate claim,No,Denied,Paid,91,14,0.6607929515418502,0.5991189427312775,0.9066666666666666,0,0,0,0,0,0,1,0,0,0,0,0,0,2024,6,June,2,24,7,2024-06-01
OLJ2M5UCO2,5291618217,7503967101,2024-07-15,208,99213,A16.2,148,145,Medicare,Under Review,Authorization not obtained,Yes,Pending,Partially Paid,63,3,0.7115384615384616,0.6971153846153846,0.9797297297297297,0,0,0,1,1,0,1,0,0,0,0,0,0,2024,7,July,3,29,1,2024-07-01
20OHERICHK,9689538816,1827322184,2024-06-01,316,99233,A05.8,271,253,Commercial,Paid,Missing documentation,No,On Hold,Partially Paid,63,18,0.8575949367088608,0.8006329113924051,0.933579335793358,0,0,0,0,1,0,0,0,0,0,0,1,0,2024,6,June,2,22,6,2024-06-01
LAA44N1TSP,4122352302,1662281276,2024-06-26,425,99223,A05.9,294,240,Self-Pay,Denied,Patient eligibility issues,No,Open,Partially Paid,185,54,0.691764705882353,0.5647058823529412,0.8163265306122449,1,0,1,0,1,1,0,0,0,0,1,0,0,2024,6,June,2,26,3,2024-06-01
X32L8C6W1X,9278720661,6359250480,2024-05-29,424,99223,A01.3,326,293,Medicare,Paid,Authorization not obtained,No,Closed,Paid,131,33,0.7688679245283019,0.6910377358490566,0.8987730061349694,0,0,0,0,0,0,0,0,0,0,0,1,0,2024,5,May,2,22,3,2024-05-01
4LTCMW1PQS,6072769324,4557615060,2024-07-28,468,99215,A03.3,377,314,Self-Pay,Paid,Incorrect billing information,No,On Hold,Denied,154,63,0.8055555555555556,0.6709401709401709,0.8328912466843501,0,1,1,0,1,1,0,0,0,0,0,1,0,2024,7,July,3,30,7,2024-07-01
KRQ6IPHZYW,7773137379,0510041844,2024-06-10,108,99223,A08.1,80,72,Commercial,Paid,Incorrect billing information,No,Denied,Partially Paid,36,8,0.7407407407407407,0.6666666666666666,0.9,0,0,0,0,0,0,0,1,0,0,0,1,0,2024,6,June,2,24,1,2024-06-01
S5U5QAIGT7,2535102956,9150661899,2024-06-26,441,99232,A05.7,319,269,Self-Pay,Denied,Missing documentation,No,Partially Paid,Paid,172,50,0.7233560090702947,0.6099773242630385,0.8432601880877743,1,0,1,0,1,1,0,1,0,0,1,0,0,2024,6,June,2,26,3,2024-06-01
YWMP4K6MXK,3716354700,0405702779,2024-06-30,255,99222,A18.9,222,204,Self-Pay,Paid,Incorrect billing information,Yes,Pending,Partially Paid,51,18,0.8705882352941177,0.8,0.918918918918919,0,0,0,1,1,0,0,0,0,0,0,1,0,2024,6,June,2,26,7,2024-06-01
VTAUFJ7BKN,1481021019,0991160380,2024-08-17,398,99213,A01.4,339,328,Commercial,Under Review,Pre-existing condition,Yes,Partially Paid,Partially Paid,70,11,0.8517587939698492,0.8241206030150754,0.967551622418879,0,0,0,1,1,0,1,0,0,0,0,0,0,2024,8,August,3,33,6,2024-08-01
TALPH0CNJK,4599829538,4221897997,2024-08-09,423,99232,A16.2,300,247,Self-Pay,Under Review,Missing documentation,No,Closed,Paid,176,53,0.7092198581560284,0.5839243498817966,0.8233333333333334,0,0,0,0,0,0,1,1,0,0,0,0,0,2024,8,August,3,32,5,2024-08-01
M5MNO9SHGJ,7350194704,9594595425,2024-08-22,206,99214,A01.9,151,129,Self-Pay,Under Review,Patient eligibility issues,Yes,Partially Paid,Denied,77,22,0.7330097087378641,0.6262135922330098,0.8543046357615894,0,1,1,1,1,0,0,0,0,0,0,0,0,2024,8,August,3,34,4,2024-08-01
0C3ZMYDXMO,2012821351,8129579328,2024-06-04,489,99232,A05.1,395,332,Self-Pay,Denied,Lack of medical necessity,Yes,Open,Denied,157,63,0.8077709611451943,0.6789366053169734,0.8405063291139241,1,1,1,1,1,0,0,0,0,0,1,0,0,2024,6,June,2,23,2,2024-06-01
L2ENUTGO5B,0648869700,6623800330,2024-07-20,435,99233,A00.9,358,299,Medicaid,Paid,Incorrect billing information,No,Open,Paid,136,59,0.8229885057471265,0.6873563218390805,0.835195530726257,0,0,0,0,1,0,0,0,0,0,0,1,0,2024,7,July,3,29,6,2024-07-01
HPXPNC70AU,8470537100,4324603209,2024-07-31,163,99232,A01.4,103,101,Medicare,Under Review,Service not covered,Yes,Denied,Denied,62,2,0.6319018404907976,0.6196319018404908,0.9805825242718447,0,1,1,1,0,0,0,0,0,0,0,0,0,2024,7,July,3,31,3,2024-07-01
UWYNJXDO8V,1119891441,8812199103,2024-05-08,453,99222,A04.7,346,292,Medicaid,Denied,Authorization not obtained,Yes,Partially Paid,Denied,161,54,0.7637969094922737,0.6445916114790287,0.8439306358381503,1,1,1,1,1,0,0,1,0,0,1,0,0,2024,5,May,2,19,3,2024-05-01
GFHQX72JNU,4773078033,9924142686,2024-07-06,107,99221,A16.5,81,67,Medicaid,Under Review,Missing documentation,Yes,On Hold,Paid,40,14,0.7570093457943925,0.6261682242990654,0.8271604938271605,0,0,0,1,1,0,1,0,0,0,0,0,0,2024,7,July,3,27,6,2024-07-01
LAN2241BE2,9047868298,7806014030,2024-08-29,472,99214,A04.5,334,333,Medicare,Denied,Incorrect billing information,No,On Hold,Partially Paid,139,1,0.7076271186440678,0.7055084745762712,0.9970059880239521,1,0,1,0,1,1,0,0,0,0,1,0,0,2024,8,August,3,35,4,2024-08-01
SD7BGWTWQI,9560949024,8798230495,2024-06-16,121,99231,A16.8,90,84,Self-Pay,Denied,Missing documentation,No,Partially Paid,Partially Paid,37,6,0.743801652892562,0.6942148760330579,0.9333333333333333,1,0,1,0,1,1,0,1,0,0,1,0,0,2024,6,June,2,24,7,2024-06-01
O41UCA1NV5,9862894951,6882509757,2024-07-17,274,99238,A19.0,181,178,Self-Pay,Paid,Authorization not obtained,Yes,Pending,Denied,96,3,0.6605839416058394,0.6496350364963503,0.9834254143646409,0,1,1,1,1,1,0,0,0,0,0,1,0,2024,7,July,3,29,3,2024-07-01
0H47YAG0MY,2932398420,2293229694,2024-05-21,155,99233,A16.7,138,129,Medicare,Denied,Duplicate claim,Yes,On Hold,Paid,26,9,0.8903225806451613,0.832258064516129,0.9347826086956522,1,0,1,1,1,1,0,0,0,0,1,0,0,2024,5,May,2,21,2,2024-05-01
XUQ2FGB74Q,8945326160,4140137127,2024-08-28,237,99233,A06.3,152,151,Commercial,Under Review,Lack of medical necessity,Yes,Denied,Denied,86,1,0.6413502109704642,0.6371308016877637,0.993421052631579,0,1,1,1,0,0,0,0,0,0,0,0,0,2024,8,August,3,35,3,2024-08-01
VN32TA88KS,5321622483,9404091979,2024-07-23,103,99238,A05.5,73,69,Medicaid,Under Review,Patient eligibility issues,No,On Hold,Denied,34,4,0.7087378640776699,0.6699029126213593,0.9452054794520548,0,1,1,0,1,0,0,0,0,0,0,0,0,2024,7,July,3,30,2,2024-07-01
20IY5UNIFR,6768911560,1923998207,2024-05-15,366,99221,A07.0,225,183,Self-Pay,Under Review,Missing documentation,Yes,Open,Partially Paid,183,42,0.6147540983606558,0.5,0.8133333333333334,0,0,0,1,1,0,1,0,0,0,0,0,0,2024,5,May,2,20,3,2024-05-01
4SA4IIPARK,1358198320,3003148546,2024-08-22,256,99231,A08.8,221,192,Medicaid,Denied,Incorrect billing information,No,Denied,Partially Paid,64,29,0.86328125,0.75,0.8687782805429864,1,0,1,0,0,1,0,0,0,0,1,0,0,2024,8,August,3,34,4,2024-08-01
8H6FAKD1OH,1109442085,5127757508,2024-05-01,244,99238,A04.8,168,150,Medicaid,Under Review,Duplicate claim,Yes,Pending,Paid,94,18,0.6885245901639344,0.6147540983606558,0.8928571428571429,0,0,0,1,1,0,1,0,0,0,0,0,0,2024,5,May,2,18,3,2024-05-01
N6F3POFGQ3,8540963745,7521507763,2024-08-02,272,99215,A05.3,179,176,Commercial,Denied,Pre-existing condition,No,Closed,Partially Paid,96,3,0.6580882352941176,0.6470588235294118,0.9832402234636871,1,0,1,0,0,1,0,0,0,0,1,0,0,2024,8,August,3,31,5,2024-08-01
2UH8ILFP75,3975177649,2618036215,2024-05-16,363,99215,A07.0,266,229,Medicare,Paid,Service not covered,Yes,Open,Paid,134,37,0.7327823691460055,0.6308539944903582,0.8609022556390977,0,0,0,1,1,0,0,0,0,0,0,1,0,2024,5,May,2,20,4,2024-05-01
QNOX3H2NWY,4411310137,9519889489,2024-06-02,459,99221,A00.1,329,319,Commercial,Under Review,Incorrect billing information,Yes,Pending,Partially Paid,140,10,0.7167755991285403,0.6949891067538126,0.9696048632218845,0,0,0,1,1,0,1,0,0,0,0,0,0,2024,6,June,2,22,7,2024-06-01
RH0CA7UMA5,7316706692,6402426562,2024-07-31,151,99222,A00.1,102,98,Commercial,Denied,Patient eligibility issues,Yes,Open,Paid,53,4,0.6754966887417219,0.6490066225165563,0.9607843137254902,1,0,1,1,1,1,0,0,0,0,1,0,0,2024,7,July,3,31,3,2024-07-01
M86NJDTZGV,8050862781,3753693728,2024-05-07,259,99238,A04.1,185,169,Self-Pay,Under Review,Lack of medical necessity,No,Open,Partially Paid,90,16,0.7142857142857143,0.6525096525096525,0.9135135135135135,0,0,0,0,1,0,1,0,0,0,0,0,0,2024,5,May,2,19,2,2024-05-01
OG6QYF8WN0,5053818950,9838023124,2024-06-28,239,99221,A17.1,155,151,Commercial,Paid,Duplicate claim,Yes,On Hold,Paid,88,4,0.6485355648535565,0.6317991631799164,0.9741935483870968,0,0,0,1,1,0,0,0,0,0,0,1,0,2024,6,June,2,26,5,2024-06-01
FY4ARNIAR0,0611872923,8090101999,2024-07-23,336,99221,A05.7,278,273,Medicare,Denied,Pre-existing condition,No,Closed,Paid,63,5,0.8273809523809523,0.8125,0.9820143884892086,1,0,1,0,0,1,0,0,0,0,1,0,0,2024,7,July,3,30,2,2024-07-01
BWYHFOFN0K,4208309782,9299849039,2024-08-02,198,99231,A18.4,141,141,Commercial,Paid,Patient eligibility issues,No,On Hold,Partially Paid,57,0,0.7121212121212122,0.7121212121212122,1.0,0,0,0,0,1,0,0,0,0,0,0,0,0,2024,8,August,3,31,5,2024-08-01
G81CW7DUDU,5669034387,5176525204,2024-05-20,192,99222,A09.0,160,140,Commercial,Under Review,Missing documentation,Yes,Denied,Partially Paid,52,20,0.8333333333333334,0.7291666666666666,0.875,0,0,0,1,0,0,1,0,0,0,0,0,0,2024,5,May,2,21,1,2024-05-01
DCMT4YXL78,1664434863,7914781059,2024-06-26,168,99213,A08.3,136,118,Self-Pay,Under Review,Service not covered,No,On Hold,Denied,50,18,0.8095238095238095,0.7023809523809523,0.8676470588235294,0,1,1,0,1,0,0,0,0,0,0,0,0,2024,6,June,2,26,3,2024-06-01
OQZ5GVP2W3,2097151222,9951071448,2024-09-06,494,99221,A02.4,344,322,Medicaid,Under Review,Patient eligibility issues,Yes,Open,Paid,172,22,0.6963562753036437,0.6518218623481782,0.936046511627907,0,0,0,1,1,0,1,0,0,0,0,0,0,2024,9,September,3,36,5,2024-09-01
2SGU0UOZN5,0540646353,7121601568,2024-07-04,142,99214,A07.0,125,110,Medicare,Denied,Authorization not obtained,Yes,Denied,Denied,32,15,0.8802816901408451,0.7746478873239436,0.88,1,1,1,1,0,0,0,0,0,0,1,0,0,2024,7,July,3,27,4,2024-07-01
F2E9ST7Z1O,0033414211,2964099336,2024-08-10,276,99223,A18.7,196,189,Medicare,Under Review,Authorization not obtained,Yes,On Hold,Paid,87,7,0.7101449275362319,0.6847826086956522,0.9642857142857143,0,0,0,1,1,0,1,0,0,0,0,0,0,2024,8,August,3,32,6,2024-08-01
EYOS09JPEW,3050607331,6787726636,2024-09-12,193,99215,A05.4,148,146,Medicaid,Denied,Missing documentation,No,Pending,Partially Paid,47,2,0.7668393782383419,0.7564766839378239,0.9864864864864865,1,0,1,0,1,1,0,0,0,0,1,0,0,2024,9,September,3,37,4,2024-09-01
WWX6WBPW0J,5605938725,3739961537,2024-06-29,321,99223,A17.1,205,165,Medicare,Denied,Missing documentation,Yes,Pending,Denied,156,40,0.6386292834890965,0.514018691588785,0.8048780487804879,1,1,1,1,1,0,0,0,0,0,1,0,0,2024,6,June,2,26,6,2024-06-01
Z90Y40KDPV,1216065934,3285396823,2024-06-06,388,99222,A04.5,253,203,Commercial,Paid,Missing documentation,No,Open,Partially Paid,185,50,0.6520618556701031,0.5231958762886598,0.8023715415019763,0,0,0,0,1,0,0,0,0,0,0,1,0,2024,6,June,2,23,4,2024-06-01
BRAEVGQEU7,4964277787,6441000562,2024-06-09,127,99233,A02.8,111,95,Medicare,Under Review,Service not covered,No,Denied,Denied,32,16,0.8740157480314961,0.7480314960629921,0.8558558558558559,0,1,1,0,0,0,0,0,0,0,0,0,0,2024,6,June,2,23,7,2024-06-01
030EVXL9B7,4421744175,3557498745,2024-06-14,385,99215,A18.4,278,231,Self-Pay,Denied,Lack of medical necessity,No,Open,Paid,154,47,0.7220779220779221,0.6,0.8309352517985612,1,0,1,0,1,1,0,0,0,0,1,0,0,2024,6,June,2,24,5,2024-06-01
GAAC6UT7P6,0477240076,2963442104,2024-05-27,248,99222,A04.7,201,200,Commercial,Denied,Duplicate claim,Yes,Partially Paid,Paid,48,1,0.8104838709677419,0.8064516129032258,0.9950248756218906,1,0,1,1,1,1,0,1,0,0,1,0,0,2024,5,May,2,22,1,2024-05-01
EFI4YJFPYP,7173658674,9015349934,2024-07-28,454,99215,A03.2,403,401,Self-Pay,Under Review,Lack of medical necessity,Yes,Open,Denied,53,2,0.8876651982378855,0.8832599118942731,0.9950372208436724,0,1,1,1,1,0,0,0,0,0,0,0,0,2024,7,July,3,30,7,2024-07-01
5WY4U18XAL,9277686920,5854611251,2024-08-10,401,99215,A01.4,253,224,Self-Pay,Under Review,Pre-existing condition,Yes,Denied,Denied,177,29,0.6309226932668329,0.5586034912718204,0.8853754940711462,0,1,1,1,0,0,0,0,0,0,0,0,0,2024,8,August,3,32,6,2024-08-01
G6MHX5MW9A,1913070453,7166544923,2024-08-27,436,99213,A01.2,336,308,Self-Pay,Denied,Incorrect billing information,No,Open,Paid,128,28,0.7706422018348624,0.7064220183486238,0.9166666666666666,1,0,1,0,1,1,0,0,0,0,1,0,0,2024,8,August,3,35,2,2024-08-01
PBAFT6EYLJ,4053169361,3931389346,2024-07-03,261,99213,A03.0,194,162,Medicaid,Under Review,Missing documentation,Yes,Pending,Partially Paid,99,32,0.7432950191570882,0.6206896551724138,0.8350515463917526,0,0,0,1,1,0,1,0,0,0,0,0,0,2024,7,July,3,27,3,2024-07-01
995ZGGP5YQ,6300318907,4582220111,2024-06-23,484,99215,A01.2,398,349,Self-Pay,Denied,Patient eligibility issues,Yes,Partially Paid,Partially Paid,135,49,0.8223140495867769,0.7210743801652892,0.8768844221105527,1,0,1,1,1,1,0,1,0,0,1,0,0,2024,6,June,2,25,7,2024-06-01
THD8NIN8TY,1341398511,3148120372,2024-06-09,122,99215,A03.8,95,86,Commercial,Paid,Duplicate claim,Yes,Partially Paid,Paid,36,9,0.7786885245901639,0.7049180327868853,0.9052631578947369,0,0,0,1,1,0,0,0,0,0,0,1,0,2024,6,June,2,23,7,2024-06-01
WXBN0W53RM,3451475619,4699664259,2024-08-20,390,99231,A16.7,275,270,Medicaid,Paid,Service not covered,No,On Hold,Denied,120,5,0.7051282051282052,0.6923076923076923,0.9818181818181818,0,1,1,0,1,1,0,0,0,0,0,1,0,2024,8,August,3,34,2,2024-08-01
5PH5HE0L8N,2141428058,0649481965,2024-08-21,446,99233,A08.1,315,265,Medicaid,Denied,Authorization not obtained,No,On Hold,Denied,181,50,0.7062780269058296,0.594170403587444,0.8412698412698413,1,1,1,0,1,0,0,0,0,0,1,0,0,2024,8,August,3,34,3,2024-08-01
4ALDUTERFT,4285341703,8268416324,2024-08-19,381,99238,A02.8,315,262,Self-Pay,Under Review,Service not covered,No,Partially Paid,Denied,119,53,0.8267716535433071,0.6876640419947506,0.8317460317460318,0,1,1,0,1,0,0,0,0,0,0,0,0,2024,8,August,3,34,1,2024-08-01
IKQ5AY8IP1,1357123055,9274997838,2024-08-02,234,99222,A05.0,168,139,Commercial,Denied,Patient eligibility issues,No,Partially Paid,Paid,95,29,0.717948717948718,0.594017094017094,0.8273809523809523,1,0,1,0,1,1,0,1,0,0,1,0,0,2024,8,August,3,31,5,2024-08-01
9HBSSJQZDY,5041172082,3869882829,2024-09-18,147,99233,A04.9,94,87,Commercial,Paid,Missing documentation,Yes,Closed,Paid,60,7,0.6394557823129252,0.5918367346938775,0.925531914893617,0,0,0,1,0,0,0,0,0,0,0,1,0,2024,9,September,3,38,3,2024-09-01
TAPW4HOKKM,2289773378,9177899966,2024-08-11,423,99238,A07.1,264,236,Medicaid,Under Review,Pre-existing condition,Yes,Partially Paid,Paid,187,28,0.624113475177305,0.557919621749409,0.8939393939393939,0,0,0,1,1,0,1,0,0,0,0,0,0,2024,8,August,3,32,7,2024-08-01
K7J1X0HONB,7503786621,5258386479,2024-05-29,129,99231,A15.1,86,70,Medicaid,Under Review,Missing documentation,No,On Hold,Paid,59,16,0.6666666666666666,0.5426356589147286,0.813953488372093,0,0,0,0,1,0,1,0,0,0,0,0,0,2024,5,May,2,22,3,2024-05-01
KZX6FP6J9O,9984515919,4829525502,2024-07-31,328,99214,A02.4,254,210,Medicare,Paid,Pre-existing condition,No,Open,Partially Paid,118,44,0.774390243902439,0.6402439024390244,0.8267716535433071,0,0,0,0,1,0,0,0,0,0,0,1,0,2024,7,July,3,31,3,2024-07-01
YZAGYKYRB2,8642249236,0044728314,2024-05-24,313,99232,A02.1,221,197,Medicaid,Under Review,Duplicate claim,No,Denied,Partially Paid,116,24,0.7060702875399361,0.6293929712460063,0.8914027149321267,0,0,0,0,0,0,1,0,0,0,0,0,0,2024,5,May,2,21,5,2024-05-01
2WHWNIY1TM,0080027935,3875197604,2024-07-12,389,99231,A00.1,302,283,Medicaid,Under Review,Duplicate claim,No,Open,Denied,106,19,0.7763496143958869,0.7275064267352185,0.9370860927152318,0,1,1,0,1,0,0,0,0,0,0,0,0,2024,7,July,3,28,5,2024-07-01
586EP1QAYC,5979481379,8184148716,2024-07-16,217,99213,A19.9,131,118,Medicaid,Paid,Service not covered,Yes,Pending,Partially Paid,99,13,0.6036866359447005,0.543778801843318,0.9007633587786259,0,0,0,1,1,0,0,0,0,0,0,1,0,2024,7,July,3,29,2,2024-07-01
OF7UX4XGSW,6059884343,6115114048,2024-07-15,112,99223,A08.4,77,75,Medicare,Paid,Missing documentation,Yes,Open,Paid,37,2,0.6875,0.6696428571428571,0.974025974025974,0,0,0,1,1,0,0,0,0,0,0,1,0,2024,7,July,3,29,1,2024-07-01
9Y20UR7643,5081779992,3646255868,2024-07-31,499,99215,A18.5,423,374,Commercial,Paid,Missing documentation,No,Open,Partially Paid,125,49,0.8476953907815631,0.749498997995992,0.8841607565011821,0,0,0,0,1,0,0,0,0,0,0,1,0,2024,7,July,3,31,3,2024-07-01
7MG5FQREVH,4109179552,1759798705,2024-08-07,466,99233,A03.8,403,335,Medicaid,Under Review,Lack of medical necessity,No,Partially Paid,Partially Paid,131,68,0.8648068669527897,0.7188841201716738,0.8312655086848635,0,0,0,0,1,0,1,0,0,0,0,0,0,2024,8,August,3,32,3,2024-08-01
M99CP63NEC,9633320114,1262446957,2024-07-19,427,99214,A01.3,361,292,Commercial,Denied,Pre-existing condition,Yes,Denied,Paid,135,69,0.8454332552693209,0.6838407494145199,0.8088642659279779,1,0,1,1,0,1,0,0,0,0,1,0,0,2024,7,July,3,29,5,2024-07-01
3C75WW2CAV,3400328270,4513696161,2024-06-03,221,99222,A01.0,162,162,Medicaid,Paid,Pre-existing condition,Yes,Open,Denied,59,0,0.7330316742081447,0.7330316742081447,1.0,0,1,1,1,1,1,0,0,0,0,0,0,0,2024,6,June,2,23,1,2024-06-01
0ZN02U4OKS,2812376552,3735441119,2024-06-03,250,99213,A16.4,205,193,Self-Pay,Under Review,Authorization not obtained,Yes,Partially Paid,Paid,57,12,0.82,0.772,0.9414634146341463,0,0,0,1,1,0,1,0,0,0,0,0,0,2024,6,June,2,23,1,2024-06-01
MWH0ES7NQW,8231751172,9491630699,2024-06-03,183,99214,A04.3,116,105,Commercial,Under Review,Authorization not obtained,Yes,Denied,Paid,78,11,0.6338797814207651,0.5737704918032787,0.9051724137931034,0,0,0,1,0,0,1,0,0,0,0,0,0,2024,6,June,2,23,1,2024-06-01
7PN5XKSAPC,2517603074,6649887248,2024-05-26,432,99231,A06.0,350,320,Commercial,Under Review,Missing documentation,Yes,Partially Paid,Denied,112,30,0.8101851851851852,0.7407407407407407,0.9142857142857143,0,1,1,1,1,0,0,0,0,0,0,0,0,2024,5,May,2,21,7,2024-05-01
U4IFB14TLJ,1177525801,1413064849,2024-06-09,389,99221,A16.1,283,233,Medicare,Paid,Missing documentation,Yes,On Hold,Partially Paid,156,50,0.7275064267352185,0.5989717223650386,0.823321554770318,0,0,0,1,1,0,0,0,0,0,0,1,0,2024,6,June,2,23,7,2024-06-01
ZCAL98SER3,5275079933,9125823440,2024-05-13,471,99238,A16.1,401,399,Medicare,Under Review,Service not covered,No,Closed,Denied,72,2,0.851380042462845,0.8471337579617835,0.9950124688279302,0,1,1,0,0,0,0,1,0,0,0,0,0,2024,5,May,2,20,1,2024-05-01
3W1ZGOCWBR,1000791828,4647551760,2024-05-11,215,99231,A16.3,187,170,Medicare,Paid,Lack of medical necessity,No,Partially Paid,Partially Paid,45,17,0.8697674418604651,0.7906976744186046,0.9090909090909091,0,0,0,0,1,0,0,0,0,0,0,1,0,2024,5,May,2,19,6,2024-05-01
WF4YVYAFG4,9313170292,7021396669,2024-05-22,104,99233,A02.9,82,71,Commercial,Under Review,Authorization not obtained,No,On Hold,Denied,33,11,0.7884615384615384,0.6826923076923077,0.8658536585365854,0,1,1,0,1,0,0,0,0,0,0,0,0,2024,5,May,2,21,3,2024-05-01
WUXNNYREGV,3022524726,5701721858,2024-06-18,147,99233,A06.0,102,89,Self-Pay,Denied,Service not covered,No,Partially Paid,Paid,58,13,0.6938775510204082,0.6054421768707483,0.8725490196078431,1,0,1,0,1,1,0,1,0,0,1,0,0,2024,6,June,2,25,2,2024-06-01
T4IK0M3OTB,6457966423,5496281415,2024-05-14,487,99231,A06.8,325,281,Commercial,Paid,Patient eligibility issues,No,Closed,Partially Paid,206,44,0.6673511293634496,0.5770020533880903,0.8646153846153846,0,0,0,0,0,0,0,0,0,0,0,1,0,2024,5,May,2,20,2,2024-05-01
8MSN086HUZ,9857312878,3579493244,2024-08-14,433,99221,A19.9,294,290,Medicare,Under Review,Lack of medical necessity,Yes,Denied,Paid,143,4,0.6789838337182448,0.6697459584295612,0.9863945578231292,0,0,0,1,0,0,1,0,0,0,0,0,0,2024,8,August,3,33,3,2024-08-01
TM2STRE477,3313250441,4929575146,2024-07-19,353,99223,A18.7,259,253,Self-Pay,Paid,Service not covered,Yes,Partially Paid,Partially Paid,100,6,0.7337110481586402,0.71671388101983,0.9768339768339769,0,0,0,1,1,0,0,0,0,0,0,1,0,2024,7,July,3,29,5,2024-07-01
M64MV5E6F4,1543048755,0086980668,2024-06-30,430,99215,A05.9,338,283,Commercial,Under Review,Duplicate claim,No,Open,Paid,147,55,0.786046511627907,0.6581395348837209,0.8372781065088757,0,0,0,0,1,0,1,0,0,0,0,0,0,2024,6,June,2,26,7,2024-06-01
4U3PWYYT8N,3839767585,5251136819,2024-07-18,278,99233,A08.1,176,151,Medicare,Paid,Patient eligibility issues,No,Partially Paid,Denied,127,25,0.6330935251798561,0.5431654676258992,0.8579545454545454,0,1,1,0,1,1,0,0,0,0,0,1,0,2024,7,July,3,29,4,2024-07-01
QIGS8Q9MEP,9101127396,9806417639,2024-07-03,246,99215,A08.5,205,191,Medicare,Paid,Duplicate claim,No,Denied,Partially Paid,55,14,0.8333333333333334,0.7764227642276422,0.9317073170731708,0,0,0,0,0,0,0,1,0,0,0,1,0,2024,7,July,3,27,3,2024-07-01
QIUN6AO9ZU,4939816976,1913580617,2024-07-29,108,99223,A01.2,75,75,Commercial,Paid,Service not covered,Yes,Partially Paid,Paid,33,0,0.6944444444444444,0.6944444444444444,1.0,0,0,0,1,1,0,0,0,0,0,0,0,0,2024,7,July,3,31,1,2024-07-01
BCI8Z8GZAG,5761052810,1497639548,2024-07-29,220,99213,A18.6,171,159,Self-Pay,Under Review,Patient eligibility issues,Yes,Open,Paid,61,12,0.7772727272727272,0.7227272727272728,0.9298245614035088,0,0,0,1,1,0,1,0,0,0,0,0,0,2024,7,July,3,31,1,2024-07-01
F63YLTVPE1,8227606723,3356750817,2024-08-04,422,99213,A18.5,300,260,Medicare,Denied,Patient eligibility issues,No,Partially Paid,Denied,162,40,0.7109004739336493,0.6161137440758294,0.8666666666666667,1,1,1,0,1,0,0,1,0,0,1,0,0,2024,8,August,3,31,7,2024-08-01
D8WZASCOKT,6219754963,9125093388,2024-07-19,139,99214,A01.2,90,73,Medicare,Paid,Missing documentation,No,Closed,Denied,66,17,0.6474820143884892,0.5251798561151079,0.8111111111111111,0,1,1,0,0,1,0,0,0,0,0,1,0,2024,7,July,3,29,5,2024-07-01
ITE8467J13,0422783582,0950595876,2024-09-19,224,99221,A04.7,175,141,Medicaid,Paid,Authorization not obtained,Yes,Denied,Paid,83,34,0.78125,0.6294642857142857,0.8057142857142857,0,0,0,1,0,0,0,1,0,0,0,1,0,2024,9,September,3,38,4,2024-09-01
43JJ315IOE,8940428406,7513522327,2024-05-27,363,99221,A18.0,310,291,Self-Pay,Paid,Incorrect billing information,Yes,Closed,Denied,72,19,0.8539944903581267,0.8016528925619835,0.9387096774193548,0,1,1,1,0,1,0,0,0,0,0,1,0,2024,5,May,2,22,1,2024-05-01
XA9XX1CF8K,5114736504,9947707227,2024-07-10,121,99238,A04.6,85,80,Medicaid,Under Review,Service not covered,No,On Hold,Partially Paid,41,5,0.7024793388429752,0.6611570247933884,0.9411764705882353,0,0,0,0,1,0,1,0,0,0,0,0,0,2024,7,July,3,28,3,2024-07-01
WNA889GLOD,3732729871,0270590386,2024-06-08,422,99221,A16.8,377,351,Self-Pay,Under Review,Missing documentation,Yes,Partially Paid,Denied,71,26,0.8933649289099526,0.8317535545023697,0.9310344827586207,0,1,1,1,1,0,0,0,0,0,0,0,0,2024,6,June,2,23,6,2024-06-01
RGD4XQNGNK,1364793503,5493435452,2024-05-05,160,99213,A04.1,140,124,Medicaid,Under Review,Duplicate claim,No,Closed,Partially Paid,36,16,0.875,0.775,0.8857142857142857,0,0,0,0,0,0,1,1,0,0,0,0,0,2024,5,May,2,18,7,2024-05-01
QYJZ30BVLC,5433826796,6391556886,2024-05-07,328,99232,A00.9,220,197,Medicare,Denied,Duplicate claim,No,Closed,Paid,131,23,0.6707317073170732,0.600609756097561,0.8954545454545455,1,0,1,0,0,1,0,0,0,0,1,0,0,2024,5,May,2,19,2,2024-05-01
NCHSYXWG77,0173366658,0129742605,2024-08-04,324,99223,A18.7,281,237,Commercial,Under Review,Pre-existing condition,Yes,Closed,Paid,87,44,0.8672839506172839,0.7314814814814815,0.8434163701067615,0,0,0,1,0,0,1,1,0,0,0,0,0,2024,8,August,3,31,7,2024-08-01
IF6K1UDRVA,0294341727,8268792103,2024-09-02,252,99222,A06.1,176,172,Self-Pay,Under Review,Incorrect billing information,Yes,On Hold,Paid,80,4,0.6984126984126984,0.6825396825396826,0.9772727272727273,0,0,0,1,1,0,1,0,0,0,0,0,0,2024,9,September,3,36,1,2024-09-01
QQ0KL6T24I,3028915125,8372279271,2024-08-31,105,99231,A05.5,71,65,Medicare,Denied,Authorization not obtained,No,Partially Paid,Paid,40,6,0.6761904761904762,0.6190476190476191,0.9154929577464789,1,0,1,0,1,1,0,1,0,0,1,0,0,2024,8,August,3,35,6,2024-08-01
H6ZVEQWYZW,3644238516,0263794894,2024-09-16,375,99231,A19.8,328,264,Self-Pay,Denied,Pre-existing condition,Yes,Pending,Denied,111,64,0.8746666666666667,0.704,0.8048780487804879,1,1,1,1,1,0,0,0,0,0,1,0,0,2024,9,September,3,38,1,2024-09-01
LLJ4PW1V8J,1397662884,2150019938,2024-06-24,381,99215,A15.0,288,276,Medicare,Denied,Incorrect billing information,Yes,Denied,Paid,105,12,0.7559055118110236,0.7244094488188977,0.9583333333333334,1,0,1,1,0,1,0,0,0,0,1,0,0,2024,6,June,2,26,1,2024-06-01
7EHCM0SDGU,4991942669,7985224401,2024-08-26,389,99215,A09.9,324,274,Medicaid,Denied,Pre-existing condition,Yes,Closed,Paid,115,50,0.8329048843187661,0.7043701799485861,0.845679012345679,1,0,1,1,0,1,0,0,0,0,1,0,0,2024,8,August,3,35,1,2024-08-01
DX78LUNF87,2316904587,9259142711,2024-06-30,492,99238,A05.4,379,352,Self-Pay,Under Review,Lack of medical necessity,No,Closed,Paid,140,27,0.7703252032520326,0.7154471544715447,0.9287598944591029,0,0,0,0,0,0,1,1,0,0,0,0,0,2024,6,June,2,26,7,2024-06-01
F4PY3EBPLS,5248996015,7020430181,2024-06-15,247,99238,A19.1,178,163,Self-Pay,Under Review,Patient eligibility issues,Yes,Partially Paid,Denied,84,15,0.7206477732793523,0.659919028340081,0.9157303370786517,0,1,1,1,1,0,0,0,0,0,0,0,0,2024,6,June,2,24,6,2024-06-01
EYZXJO99RP,4352673439,7929503314,2024-08-18,116,99232,A18.0,93,92,Medicare,Paid,Authorization not obtained,No,Denied,Partially Paid,24,1,0.8017241379310345,0.7931034482758621,0.989247311827957,0,0,0,0,0,0,0,1,0,0,0,1,0,2024,8,August,3,33,7,2024-08-01
03YCRLVYCF,5294210836,2966803804,2024-05-25,285,99233,A01.0,224,218,Commercial,Denied,Missing documentation,Yes,Open,Paid,67,6,0.7859649122807018,0.7649122807017544,0.9732142857142857,1,0,1,1,1,1,0,0,0,0,1,0,0,2024,5,May,2,21,6,2024-05-01
G7FB0U1BD4,1568063851,8078768351,2024-06-20,119,99215,A16.9,101,81,Medicaid,Paid,Authorization not obtained,No,On Hold,Paid,38,20,0.8487394957983193,0.680672268907563,0.801980198019802,0,0,0,0,1,0,0,0,0,0,0,1,0,2024,6,June,2,25,4,2024-06-01
TD8T6GREWT,4864483846,0959215619,2024-05-08,285,99221,A15.9,244,202,Self-Pay,Paid,Patient eligibility issues,Yes,Partially Paid,Denied,83,42,0.856140350877193,0.7087719298245614,0.8278688524590164,0,1,1,1,1,1,0,0,0,0,0,1,0,2024,5,May,2,19,3,2024-05-01
5Q3Y5PYY46,2839176950,2120705983,2024-05-13,453,99221,A05.7,392,321,Self-Pay,Under Review,Incorrect billing information,Yes,Open,Partially Paid,132,71,0.8653421633554084,0.7086092715231788,0.8188775510204082,0,0,0,1,1,0,1,0,0,0,0,0,0,2024,5,May,2,20,1,2024-05-01
9S5QARLS2V,2962998721,7531354213,2024-09-12,499,99213,A08.5,363,314,Medicare,Under Review,Missing documentation,Yes,On Hold,Denied,185,49,0.7274549098196392,0.6292585170340681,0.8650137741046832,0,1,1,1,1,0,0,0,0,0,0,0,0,2024,9,September,3,37,4,2024-09-01
JEBQKNOYID,7180728894,3179271995,2024-07-11,184,99233,A01.4,134,130,Medicare,Paid,Patient eligibility issues,Yes,On Hold,Partially Paid,54,4,0.7282608695652174,0.7065217391304348,0.9701492537313433,0,0,0,1,1,0,0,0,0,0,0,1,0,2024,7,July,3,28,4,2024-07-01
2Y0VVPVIMZ,9466012917,6958399478,2024-07-07,142,99223,A19.8,102,83,Commercial,Under Review,Missing documentation,Yes,Pending,Paid,59,19,0.7183098591549296,0.5845070422535211,0.8137254901960784,0,0,0,1,1,0,1,0,0,0,0,0,0,2024,7,July,3,27,7,2024-07-01
MQAS4JKSHX,5742042440,2298317369,2024-05-29,472,99233,A08.3,315,264,Medicaid,Under Review,Duplicate claim,Yes,Pending,Partially Paid,208,51,0.6673728813559322,0.559322033898305,0.8380952380952381,0,0,0,1,1,0,1,0,0,0,0,0,0,2024,5,May,2,22,3,2024-05-01
ZOB7UB1PR9,4268514705,3611486014,2024-09-17,380,99221,A17.9,280,253,Commercial,Under Review,Patient eligibility issues,No,Pending,Paid,127,27,0.7368421052631579,0.6657894736842105,0.9035714285714286,0,0,0,0,1,0,1,0,0,0,0,0,0,2024,9,September,3,38,2,2024-09-01
3JFJQ88OY1,8367487496,6709616698,2024-08-27,380,99213,A17.1,327,265,Commercial,Paid,Incorrect billing information,No,Closed,Paid,115,62,0.8605263157894737,0.6973684210526315,0.8103975535168195,0,0,0,0,0,0,0,0,0,0,0,1,0,2024,8,August,3,35,2,2024-08-01
99ZMC11M60,6629273545,4086009168,2024-06-22,163,99214,A04.2,119,111,Commercial,Under Review,Missing documentation,Yes,Closed,Paid,52,8,0.7300613496932515,0.6809815950920245,0.9327731092436975,0,0,0,1,0,0,1,1,0,0,0,0,0,2024,6,June,2,25,6,2024-06-01
AAT5XZDTJW,9019802849,8854510199,2024-07-12,316,99222,A04.8,222,215,Commercial,Under Review,Service not covered,No,Partially Paid,Denied,101,7,0.7025316455696202,0.680379746835443,0.9684684684684685,0,1,1,0,1,0,0,0,0,0,0,0,0,2024,7,July,3,28,5,2024-07-01
3Q307029M3,1530590884,2960642947,2024-05-20,400,99221,A18.2,323,296,Commercial,Under Review,Service not covered,No,Denied,Denied,104,27,0.8075,0.74,0.9164086687306502,0,1,1,0,0,0,0,0,0,0,0,0,0,2024,5,May,2,21,1,2024-05-01
ZCWD5JEPEH,2613598620,9958249801,2024-09-11,410,99238,A01.0,273,257,Commercial,Denied,Lack of medical necessity,Yes,Open,Paid,153,16,0.6658536585365854,0.6268292682926829,0.9413919413919414,1,0,1,1,1,1,0,0,0,0,1,0,0,2024,9,September,3,37,3,2024-09-01
TSRUJ5JF68,0947196032,8415354127,2024-06-06,432,99233,A04.6,359,306,Self-Pay,Paid,Service not covered,Yes,Closed,Denied,126,53,0.8310185185185185,0.7083333333333334,0.8523676880222841,0,1,1,1,0,1,0,0,0,0,0,1,0,2024,6,June,2,23,4,2024-06-01
8XK4VQ1I4J,7010381732,7056840684,2024-07-09,350,99222,A05.3,249,230,Medicaid,Paid,Patient eligibility issues,Yes,Denied,Paid,120,19,0.7114285714285714,0.6571428571428571,0.9236947791164659,0,0,0,1,0,0,0,1,0,0,0,1,0,2024,7,July,3,28,2,2024-07-01
JDU9ZL5YE2,2617040165,2731206082,2024-05-24,266,99231,A16.0,210,198,Self-Pay,Paid,Pre-existing condition,Yes,Open,Partially Paid,68,12,0.7894736842105263,0.7443609022556391,0.9428571428571428,0,0,0,1,1,0,0,0,0,0,0,1,0,2024,5,May,2,21,5,2024-05-01
CBB7A5N0FQ,2835574600,2674961375,2024-05-25,286,99213,A01.1,195,159,Self-Pay,Under Review,Patient eligibility issues,Yes,On Hold,Partially Paid,127,36,0.6818181818181818,0.5559440559440559,0.8153846153846154,0,0,0,1,1,0,1,0,0,0,0,0,0,2024,5,May,2,21,6,2024-05-01
PFDS57UU33,2802257045,4481400194,2024-05-04,131,99221,A16.8,96,80,Medicare,Paid,Missing documentation,No,Partially Paid,Paid,51,16,0.732824427480916,0.6106870229007634,0.8333333333333334,0,0,0,0,1,0,0,0,0,0,0,1,0,2024,5,May,2,18,6,2024-05-01
8YYM83RH9Y,4100457593,2187680072,2024-07-27,101,99214,A19.9,64,57,Commercial,Under Review,Patient eligibility issues,No,On Hold,Denied,44,7,0.6336633663366337,0.5643564356435643,0.890625,0,1,1,0,1,0,0,0,0,0,0,0,0,2024,7,July,3,30,6,2024-07-01
IS2Q9232TB,9828261974,1101477666,2024-06-21,449,99231,A06.8,289,235,Medicaid,Paid,Lack of medical necessity,No,Closed,Denied,214,54,0.643652561247216,0.5233853006681515,0.8131487889273357,0,1,1,0,0,1,0,0,0,0,0,1,0,2024,6,June,2,25,5,2024-06-01
2DJN1MSV2X,6926559300,5944859899,2024-05-09,492,99221,A00.1,424,419,Medicaid,Paid,Incorrect billing information,No,Closed,Partially Paid,73,5,0.8617886178861789,0.8516260162601627,0.9882075471698113,0,0,0,0,0,0,0,0,0,0,0,1,0,2024,5,May,2,19,4,2024-05-01
21J06GW5M0,8318086127,5501402679,2024-07-31,275,99223,A08.1,233,227,Medicare,Under Review,Service not covered,Yes,Pending,Paid,48,6,0.8472727272727273,0.8254545454545454,0.9742489270386266,0,0,0,1,1,0,1,0,0,0,0,0,0,2024,7,July,3,31,3,2024-07-01
FLKDNITK1C,3629070060,3036731483,2024-05-10,330,99233,A03.0,245,242,Commercial,Under Review,Patient eligibility issues,Yes,Denied,Partially Paid,88,3,0.7424242424242424,0.7333333333333333,0.9877551020408163,0,0,0,1,0,0,1,0,0,0,0,0,0,2024,5,May,2,19,5,2024-05-01
CG2WFA54Q0,5966584161,6832999180,2024-09-10,117,99238,A15.1,87,76,Medicaid,Under Review,Duplicate claim,No,Open,Paid,41,11,0.7435897435897436,0.6495726495726496,0.8735632183908046,0,0,0,0,1,0,1,0,0,0,0,0,0,2024,9,September,3,37,2,2024-09-01
IXC1HAAKNF,5528482343,4559607867,2024-07-30,196,99231,A06.8,158,149,Medicare,Denied,Patient eligibility issues,Yes,On Hold,Paid,47,9,0.8061224489795918,0.7602040816326531,0.9430379746835443,1,0,1,1,1,1,0,0,0,0,1,0,0,2024,7,July,3,31,2,2024-07-01
PU8KUGCRHP,6931363034,8547658278,2024-05-03,307,99232,A06.0,215,178,Medicaid,Under Review,Duplicate claim,No,Denied,Paid,129,37,0.7003257328990228,0.5798045602605864,0.827906976744186,0,0,0,0,0,0,1,0,0,0,0,0,0,2024,5,May,2,18,5,2024-05-01
9ZEX92BXCP,8956284610,2307628223,2024-06-16,166,99215,A18.4,118,101,Self-Pay,Under Review,Service not covered,No,Partially Paid,Paid,65,17,0.7108433734939759,0.608433734939759,0.8559322033898306,0,0,0,0,1,0,1,0,0,0,0,0,0,2024,6,June,2,24,7,2024-06-01
C7O7E2BT7E,8522090959,7315199086,2024-07-19,496,99231,A05.9,332,320,Medicaid,Paid,Pre-existing condition,No,Closed,Paid,176,12,0.6693548387096774,0.6451612903225806,0.963855421686747,0,0,0,0,0,0,0,0,0,0,0,1,0,2024,7,July,3,29,5,2024-07-01
9SWG5H3QW9,2240357183,2957962640,2024-05-09,232,99231,A01.3,152,136,Medicaid,Paid,Incorrect billing information,Yes,Denied,Partially Paid,96,16,0.6551724137931034,0.5862068965517241,0.8947368421052632,0,0,0,1,0,0,0,1,0,0,0,1,0,2024,5,May,2,19,4,2024-05-01
KR2U0NMU00,0738777314,0076371852,2024-07-01,307,99222,A17.1,207,184,Commercial,Denied,Incorrect billing information,Yes,Pending,Paid,123,23,0.6742671009771987,0.5993485342019544,0.8888888888888888,1,0,1,1,1,1,0,0,0,0,1,0,0,2024,7,July,3,27,1,2024-07-01
0MBZW073GU,1311702037,1928688949,2024-09-07,151,99233,A19.9,128,110,Medicaid,Under Review,Lack of medical necessity,No,Partially Paid,Partially Paid,41,18,0.847682119205298,0.7284768211920529,0.859375,0,0,0,0,1,0,1,0,0,0,0,0,0,2024,9,September,3,36,6,2024-09-01
7H1OW65LTP,3632149990,5627607005,2024-08-26,377,99231,A18.0,295,251,Medicaid,Paid,Incorrect billing information,No,Denied,Paid,126,44,0.7824933687002652,0.6657824933687002,0.8508474576271187,0,0,0,0,0,0,0,1,0,0,0,1,0,2024,8,August,3,35,1,2024-08-01
1YI0CBHCC5,8263278830,4845947065,2024-06-06,195,99213,A19.1,129,114,Self-Pay,Denied,Authorization not obtained,Yes,Closed,Partially Paid,81,15,0.6615384615384615,0.5846153846153846,0.8837209302325582,1,0,1,1,0,1,0,0,0,0,1,0,0,2024,6,June,2,23,4,2024-06-01
S0JYIMQIN5,2310865330,8394713204,2024-07-07,445,99231,A17.8,341,283,Medicaid,Denied,Lack of medical necessity,Yes,Partially Paid,Paid,162,58,0.7662921348314606,0.6359550561797753,0.8299120234604106,1,0,1,1,1,1,0,1,0,0,1,0,0,2024,7,July,3,27,7,2024-07-01
W64LMPWOKH,2289749987,2399273177,2024-05-20,283,99233,A16.2,222,219,Medicaid,Denied,Patient eligibility issues,Yes,Partially Paid,Denied,64,3,0.784452296819788,0.773851590106007,0.9864864864864865,1,1,1,1,1,0,0,1,0,0,1,0,0,2024,5,May,2,21,1,2024-05-01
6C19YE4II2,5200827930,4587251076,2024-07-14,259,99233,A07.1,197,180,Commercial,Denied,Incorrect billing information,Yes,Open,Denied,79,17,0.7606177606177607,0.694980694980695,0.9137055837563451,1,1,1,1,1,0,0,0,0,0,1,0,0,2024,7,July,3,28,7,2024-07-01
PXRDXUQLR6,1074184298,2007529701,2024-07-10,100,99223,A06.5,67,65,Self-Pay,Under Review,Authorization not obtained,No,Denied,Denied,35,2,0.67,0.65,0.9701492537313433,0,1,1,0,0,0,0,0,0,0,0,0,0,2024,7,July,3,28,3,2024-07-01
SP6RHRWTIU,1380625484,1029254695,2024-06-04,254,99213,A18.8,197,167,Commercial,Paid,Duplicate claim,Yes,Pending,Paid,87,30,0.7755905511811023,0.65748031496063,0.8477157360406091,0,0,0,1,1,0,0,0,0,0,0,1,0,2024,6,June,2,23,2,2024-06-01
XFEHKBPSXT,6956102357,2565531730,2024-05-23,356,99215,A16.1,299,272,Commercial,Paid,Missing documentation,Yes,On Hold,Paid,84,27,0.8398876404494382,0.7640449438202247,0.9096989966555183,0,0,0,1,1,0,0,0,0,0,0,1,0,2024,5,May,2,21,4,2024-05-01
DH8YOGGD5Z,7043034800,7471264489,2024-07-25,360,99222,A02.3,309,279,Medicare,Paid,Authorization not obtained,Yes,On Hold,Denied,81,30,0.8583333333333333,0.775,0.9029126213592233,0,1,1,1,1,1,0,0,0,0,0,1,0,2024,7,July,3,30,4,2024-07-01
323X466L0H,0722965698,2141889695,2024-06-27,417,99231,A16.1,265,264,Commercial,Paid,Incorrect billing information,No,On Hold,Paid,153,1,0.6354916067146283,0.6330935251798561,0.9962264150943396,0,0,0,0,1,0,0,0,0,0,0,1,0,2024,6,June,2,26,4,2024-06-01
OG3UU8P74N,6127741973,7749908811,2024-05-28,273,99215,A05.9,164,158,Medicaid,Paid,Incorrect billing information,Yes,Pending,Partially Paid,115,6,0.6007326007326007,0.5787545787545788,0.9634146341463414,0,0,0,1,1,0,0,0,0,0,0,1,0,2024,5,May,2,22,2,2024-05-01
FNHY34OPXC,3306287193,0978804224,2024-06-26,275,99238,A08.8,201,174,Self-Pay,Denied,Missing documentation,No,Closed,Denied,101,27,0.730909090909091,0.6327272727272727,0.8656716417910447,1,1,1,0,0,0,0,0,0,0,1,0,0,2024,6,June,2,26,3,2024-06-01
EHNT0RI9PA,1340620656,0728294651,2024-05-29,241,99231,A18.0,184,149,Medicare,Under Review,Authorization not obtained,Yes,Pending,Denied,92,35,0.7634854771784232,0.6182572614107884,0.8097826086956522,0,1,1,1,1,0,0,0,0,0,0,0,0,2024,5,May,2,22,3,2024-05-01
DRGKQNK954,8283813605,7718410955,2024-05-19,103,99221,A02.1,73,66,Medicare,Denied,Incorrect billing information,Yes,Partially Paid,Denied,37,7,0.7087378640776699,0.6407766990291263,0.9041095890410958,1,1,1,1,1,0,0,1,0,0,1,0,0,2024,5,May,2,20,7,2024-05-01
L3X436BQ81,4730614932,3292649561,2024-08-04,155,99222,A15.9,136,130,Medicare,Denied,Lack of medical necessity,No,On Hold,Denied,25,6,0.8774193548387097,0.8387096774193549,0.9558823529411765,1,1,1,0,1,0,0,0,0,0,1,0,0,2024,8,August,3,31,7,2024-08-01
X3KCXIZP92,7449106585,0835861604,2024-06-16,246,99232,A06.2,211,171,Commercial,Paid,Missing documentation,No,Denied,Denied,75,40,0.8577235772357723,0.6951219512195121,0.8104265402843602,0,1,1,0,0,1,0,1,0,0,0,1,0,2024,6,June,2,24,7,2024-06-01
418K56U6HI,6060567002,4180307806,2024-08-29,158,99221,A18.1,109,105,Medicare,Under Review,Lack of medical necessity,No,On Hold,Denied,53,4,0.689873417721519,0.6645569620253164,0.963302752293578,0,1,1,0,1,0,0,0,0,0,0,0,0,2024,8,August,3,35,4,2024-08-01
21BXPWDAX1,4434252398,2601209246,2024-09-01,132,99232,A18.0,86,81,Medicare,Denied,Authorization not obtained,No,Pending,Partially Paid,51,5,0.6515151515151515,0.6136363636363636,0.9418604651162791,1,0,1,0,1,1,0,0,0,0,1,0,0,2024,9,September,3,35,7,2024-09-01
YKLXY8LT34,8436192763,5742962214,2024-06-11,316,99233,A07.2,226,185,Medicare,Paid,Lack of medical necessity,Yes,Denied,Denied,131,41,0.7151898734177216,0.5854430379746836,0.8185840707964602,0,1,1,1,0,1,0,1,0,0,0,1,0,2024,6,June,2,24,2,2024-06-01
JTPTG3QK9K,4855644681,0568405850,2024-09-19,187,99215,A16.1,156,147,Commercial,Paid,Patient eligibility issues,No,Pending,Paid,40,9,0.8342245989304813,0.786096256684492,0.9423076923076923,0,0,0,0,1,0,0,0,0,0,0,1,0,2024,9,September,3,38,4,2024-09-01
SYID4GGTNL,0005364682,3622585661,2024-06-19,384,99231,A01.0,254,233,Self-Pay,Under Review,Incorrect billing information,No,Partially Paid,Partially Paid,151,21,0.6614583333333334,0.6067708333333334,0.9173228346456693,0,0,0,0,1,0,1,0,0,0,0,0,0,2024,6,June,2,25,3,2024-06-01
XDRQFE9S7A,7946970203,4710767010,2024-06-15,366,99233,A18.0,311,299,Self-Pay,Paid,Pre-existing condition,Yes,Partially Paid,Partially Paid,67,12,0.8497267759562842,0.8169398907103825,0.9614147909967846,0,0,0,1,1,0,0,0,0,0,0,1,0,2024,6,June,2,24,6,2024-06-01
V5FAM54GJ0,3460872464,7633222282,2024-06-18,231,99221,A04.7,167,135,Commercial,Paid,Duplicate claim,No,On Hold,Partially Paid,96,32,0.7229437229437229,0.5844155844155844,0.8083832335329342,0,0,0,0,1,0,0,0,0,0,0,1,0,2024,6,June,2,25,2,2024-06-01
GZ6JDKF2N9,5764893122,1763635349,2024-09-02,135,99215,A16.1,87,72,Commercial,Under Review,Patient eligibility issues,Yes,On Hold,Partially Paid,63,15,0.6444444444444445,0.5333333333333333,0.8275862068965517,0,0,0,1,1,0,1,0,0,0,0,0,0,2024,9,September,3,36,1,2024-09-01
I3JZVOM5KP,1225510711,6126655376,2024-07-26,299,99215,A16.9,222,190,Self-Pay,Paid,Authorization not obtained,No,Pending,Denied,109,32,0.7424749163879598,0.6354515050167224,0.8558558558558559,0,1,1,0,1,1,0,0,0,0,0,1,0,2024,7,July,3,30,5,2024-07-01
CLT90VMN8P,6079651870,5818045824,2024-09-09,316,99233,A02.2,278,228,Medicare,Paid,Pre-existing condition,No,Partially Paid,Paid,88,50,0.879746835443038,0.7215189873417721,0.8201438848920863,0,0,0,0,1,0,0,0,0,0,0,1,0,2024,9,September,3,37,1,2024-09-01
D1XQ90B7DT,7052724936,6914702859,2024-08-10,147,99231,A06.9,90,73,Self-Pay,Denied,Incorrect billing information,Yes,Closed,Partially Paid,74,17,0.6122448979591837,0.4965986394557823,0.8111111111111111,1,0,1,1,0,1,0,0,0,0,1,0,0,2024,8,August,3,32,6,2024-08-01
67DSRVOOK1,5697674548,2407426934,2024-08-31,149,99233,A06.2,117,106,Commercial,Under Review,Duplicate claim,No,Closed,Denied,43,11,0.785234899328859,0.7114093959731543,0.905982905982906,0,1,1,0,0,0,0,1,0,0,0,0,0,2024,8,August,3,35,6,2024-08-01
3K5D8SBI2R,2001375545,3151701172,2024-09-09,249,99214,A05.7,209,177,Medicaid,Paid,Missing documentation,Yes,Open,Partially Paid,72,32,0.8393574297188755,0.7108433734939759,0.84688995215311,0,0,0,1,1,0,0,0,0,0,0,1,0,2024,9,September,3,37,1,2024-09-01
T6XLU2KNIU,3090183086,5350029457,2024-09-18,442,99223,A16.2,336,279,Medicare,Denied,Missing documentation,No,Pending,Denied,163,57,0.7601809954751131,0.6312217194570136,0.8303571428571429,1,1,1,0,1,0,0,0,0,0,1,0,0,2024,9,September,3,38,3,2024-09-01
K9H137B6E7,4924886013,8094897891,2024-05-13,294,99238,A00.0,253,223,Self-Pay,Under Review,Lack of medical necessity,No,Closed,Paid,71,30,0.8605442176870748,0.7585034013605442,0.8814229249011858,0,0,0,0,0,0,1,1,0,0,0,0,0,2024,5,May,2,20,1,2024-05-01
BUFUPQ243Y,0782054899,2478322950,2024-05-02,408,99214,A07.8,261,260,Commercial,Paid,Authorization not obtained,Yes,Partially Paid,Paid,148,1,0.6397058823529411,0.6372549019607843,0.9961685823754789,0,0,0,1,1,0,0,0,0,0,0,1,0,2024,5,May,2,18,4,2024-05-01
3KT2BBMZSW,8840408187,3157655621,2024-05-23,386,99238,A01.0,328,323,Medicaid,Under Review,Duplicate claim,Yes,Open,Denied,63,5,0.8497409326424871,0.8367875647668394,0.9847560975609756,0,1,1,1,1,0,0,0,0,0,0,0,0,2024,5,May,2,21,4,2024-05-01
CZNVC6FGMJ,9046284381,0534484178,2024-05-16,163,99221,A16.4,125,113,Medicare,Denied,Authorization not obtained,Yes,Partially Paid,Denied,50,12,0.7668711656441718,0.6932515337423313,0.904,1,1,1,1,1,0,0,1,0,0,1,0,0,2024,5,May,2,20,4,2024-05-01
726DJMTT0D,2776651760,9025513192,2024-06-04,186,99213,A08.8,146,131,Medicare,Under Review,Patient eligibility issues,Yes,Partially Paid,Denied,55,15,0.7849462365591398,0.7043010752688172,0.8972602739726028,0,1,1,1,1,0,0,0,0,0,0,0,0,2024,6,June,2,23,2,2024-06-01
YC2I7G9H9T,4572940200,2901780424,2024-06-24,182,99231,A03.1,137,130,Commercial,Paid,Service not covered,Yes,On Hold,Denied,52,7,0.7527472527472527,0.7142857142857143,0.948905109489051,0,1,1,1,1,1,0,0,0,0,0,1,0,2024,6,June,2,26,1,2024-06-01
RKM4P1IARK,4038921037,7949391465,2024-06-14,356,99223,A06.1,307,253,Self-Pay,Paid,Missing documentation,Yes,On Hold,Partially Paid,103,54,0.8623595505617978,0.7106741573033708,0.8241042345276873,0,0,0,1,1,0,0,0,0,0,0,1,0,2024,6,June,2,24,5,2024-06-01
O5Z5W0ZO3S,0421037848,5625571929,2024-07-16,494,99222,A01.3,387,365,Commercial,Paid,Duplicate claim,No,Pending,Paid,129,22,0.7834008097165992,0.7388663967611336,0.9431524547803618,0,0,0,0,1,0,0,0,0,0,0,1,0,2024,7,July,3,29,2,2024-07-01
XPJ2UB2Y68,4328503316,9225684830,2024-08-23,185,99214,A16.3,166,148,Self-Pay,Paid,Lack of medical necessity,Yes,Pending,Partially Paid,37,18,0.8972972972972973,0.8,0.891566265060241,0,0,0,1,1,0,0,0,0,0,0,1,0,2024,8,August,3,34,5,2024-08-01
AUNCU3I1PP,7456221047,7979694445,2024-07-28,369,99238,A06.2,275,243,Medicare,Denied,Authorization not obtained,Yes,Partially Paid,Paid,126,32,0.7452574525745257,0.6585365853658537,0.8836363636363637,1,0,1,1,1,1,0,1,0,0,1,0,0,2024,7,July,3,30,7,2024-07-01
NLGZ7UC9BJ,0414230492,7719542133,2024-07-14,322,99233,A18.4,226,209,Self-Pay,Under Review,Duplicate claim,No,Closed,Partially Paid,113,17,0.7018633540372671,0.6490683229813664,0.9247787610619469,0,0,0,0,0,0,1,1,0,0,0,0,0,2024,7,July,3,28,7,2024-07-01
D197HVAPRY,9486691259,8213319359,2024-05-08,480,99222,A18.1,394,383,Medicaid,Under Review,Incorrect billing information,No,On Hold,Denied,97,11,0.8208333333333333,0.7979166666666667,0.9720812182741116,0,1,1,0,1,0,0,0,0,0,0,0,0,2024,5,May,2,19,3,2024-05-01
NPM4DTYPZB,7929279518,8327104802,2024-06-02,462,99238,A00.9,337,316,Commercial,Under Review,Missing documentation,No,Denied,Denied,146,21,0.7294372294372294,0.683982683982684,0.9376854599406528,0,1,1,0,0,0,0,0,0,0,0,0,0,2024,6,June,2,22,7,2024-06-01
26UZK6TQQ2,1700147911,5561575318,2024-07-12,494,99223,A02.2,442,423,Medicaid,Under Review,Authorization not obtained,No,Partially Paid,Partially Paid,71,19,0.8947368421052632,0.8562753036437247,0.9570135746606335,0,0,0,0,1,0,1,0,0,0,0,0,0,2024,7,July,3,28,5,2024-07-01
BLL93M44BW,4327225945,3127898425,2024-08-28,207,99232,A07.3,150,134,Self-Pay,Paid,Pre-existing condition,Yes,Open,Partially Paid,73,16,0.7246376811594203,0.6473429951690821,0.8933333333333333,0,0,0,1,1,0,0,0,0,0,0,1,0,2024,8,August,3,35,3,2024-08-01
4WZHR5U46F,6565664976,8807900782,2024-08-12,433,99233,A08.4,289,262,Self-Pay,Denied,Service not covered,Yes,Closed,Partially Paid,171,27,0.6674364896073903,0.605080831408776,0.9065743944636678,1,0,1,1,0,1,0,0,0,0,1,0,0,2024,8,August,3,33,1,2024-08-01
CABVAMQJMG,4969519382,8723613008,2024-06-27,412,99215,A18.3,320,258,Self-Pay,Under Review,Duplicate claim,Yes,Open,Paid,154,62,0.7766990291262136,0.6262135922330098,0.80625,0,0,0,1,1,0,1,0,0,0,0,0,0,2024,6,June,2,26,4,2024-06-01
HPYV0IGQ6H,4846311291,4286472793,2024-08-04,435,99214,A04.2,377,376,Medicare,Paid,Incorrect billing information,No,Denied,Denied,59,1,0.8666666666666667,0.864367816091954,0.9973474801061007,0,1,1,0,0,1,0,1,0,0,0,1,0,2024,8,August,3,31,7,2024-08-01
B8LBI001RL,8015513971,6826409995,2024-05-20,471,99238,A16.7,312,269,Commercial,Under Review,Authorization not obtained,Yes,Partially Paid,Paid,202,43,0.6624203821656051,0.5711252653927813,0.8621794871794872,0,0,0,1,1,0,1,0,0,0,0,0,0,2024,5,May,2,21,1,2024-05-01
YL6OWAB28W,2737167116,0115695487,2024-08-31,197,99214,A02.9,140,131,Medicaid,Denied,Pre-existing condition,Yes,Open,Denied,66,9,0.7106598984771574,0.6649746192893401,0.9357142857142857,1,1,1,1,1,0,0,0,0,0,1,0,0,2024,8,August,3,35,6,2024-08-01
KLSLGX0W6H,0900909046,1898190273,2024-08-06,429,99221,A05.7,360,311,Medicaid,Under Review,Authorization not obtained,Yes,Denied,Paid,118,49,0.8391608391608392,0.7249417249417249,0.8638888888888889,0,0,0,1,0,0,1,0,0,0,0,0,0,2024,8,August,3,32,2,2024-08-01
Q1WTI6ESSG,5054894467,6819368866,2024-06-25,471,99233,A17.8,341,326,Medicaid,Under Review,Pre-existing condition,No,On Hold,Partially Paid,145,15,0.7239915074309978,0.692144373673036,0.9560117302052786,0,0,0,0,1,0,1,0,0,0,0,0,0,2024,6,June,2,26,2,2024-06-01
K4ZTJT03JV,5791690533,7094626914,2024-08-13,378,99232,A03.9,297,259,Self-Pay,Under Review,Service not covered,No,On Hold,Denied,119,38,0.7857142857142857,0.6851851851851852,0.8720538720538721,0,1,1,0,1,0,0,0,0,0,0,0,0,2024,8,August,3,33,2,2024-08-01
P7QVG9MP32,0561071554,7617204467,2024-09-17,443,99221,A17.1,329,290,Medicare,Denied,Service not covered,No,Partially Paid,Partially Paid,153,39,0.7426636568848759,0.654627539503386,0.8814589665653495,1,0,1,0,1,1,0,1,0,0,1,0,0,2024,9,September,3,38,2,2024-09-01
8TPPVEO7NV,0502081268,6436699574,2024-08-24,493,99231,A16.8,297,292,Commercial,Paid,Duplicate claim,Yes,On Hold,Paid,201,5,0.6024340770791075,0.592292089249493,0.9831649831649831,0,0,0,1,1,0,0,0,0,0,0,1,0,2024,8,August,3,34,6,2024-08-01
HKW15TCKMN,7188905991,8386866570,2024-06-15,266,99233,A03.3,219,189,Self-Pay,Under Review,Authorization not obtained,No,Closed,Paid,77,30,0.8233082706766918,0.7105263157894737,0.863013698630137,0,0,0,0,0,0,1,1,0,0,0,0,0,2024,6,June,2,24,6,2024-06-01
HQYRI270HY,8172075253,7580524370,2024-06-04,368,99221,A07.9,286,232,Medicare,Under Review,Incorrect billing information,No,On Hold,Denied,136,54,0.7771739130434783,0.6304347826086957,0.8111888111888111,0,1,1,0,1,0,0,0,0,0,0,0,0,2024,6,June,2,23,2,2024-06-01
VQVSCHTWGQ,9181670428,2340812559,2024-07-28,475,99213,A06.9,414,407,Self-Pay,Under Review,Pre-existing condition,Yes,Open,Denied,68,7,0.871578947368421,0.8568421052631578,0.9830917874396136,0,1,1,1,1,0,0,0,0,0,0,0,0,2024,7,July,3,30,7,2024-07-01
B77GBW32KV,5982957852,2460770089,2024-06-16,327,99215,A06.0,249,200,Self-Pay,Paid,Pre-existing condition,No,On Hold,Partially Paid,127,49,0.7614678899082569,0.6116207951070336,0.8032128514056225,0,0,0,0,1,0,0,0,0,0,0,1,0,2024,6,June,2,24,7,2024-06-01
4X89TZ6SBD,0760999615,4235978075,2024-08-30,444,99231,A05.1,314,274,Self-Pay,Paid,Patient eligibility issues,Yes,On Hold,Partially Paid,170,40,0.7072072072072072,0.6171171171171171,0.8726114649681529,0,0,0,1,1,0,0,0,0,0,0,1,0,2024,8,August,3,35,5,2024-08-01
FKTZG0CNQO,5629941385,3025164227,2024-08-16,326,99231,A04.5,269,240,Commercial,Paid,Missing documentation,No,On Hold,Paid,86,29,0.8251533742331288,0.7361963190184049,0.8921933085501859,0,0,0,0,1,0,0,0,0,0,0,1,0,2024,8,August,3,33,5,2024-08-01
Y1WH3V1TPF,2995444435,3549654697,2024-07-03,207,99233,A16.3,177,169,Commercial,Denied,Patient eligibility issues,Yes,Partially Paid,Denied,38,8,0.855072463768116,0.8164251207729468,0.9548022598870056,1,1,1,1,1,0,0,1,0,0,1,0,0,2024,7,July,3,27,3,2024-07-01
7L4J9HMQXQ,6278506546,5705971438,2024-08-31,396,99231,A03.9,315,267,Commercial,Paid,Authorization not obtained,No,Partially Paid,Partially Paid,129,48,0.7954545454545454,0.6742424242424242,0.8476190476190476,0,0,0,0,1,0,0,0,0,0,0,1,0,2024,8,August,3,35,6,2024-08-01
QID1IWIUBX,0249680647,3489632150,2024-05-03,119,99222,A08.5,94,83,Medicare,Paid,Incorrect billing information,Yes,Closed,Denied,36,11,0.7899159663865546,0.6974789915966386,0.8829787234042553,0,1,1,1,0,1,0,0,0,0,0,1,0,2024,5,May,2,18,5,2024-05-01
8U442JG6ZZ,2823816539,9126114282,2024-06-24,482,99214,A06.7,326,311,Medicaid,Paid,Service not covered,Yes,On Hold,Partially Paid,171,15,0.6763485477178424,0.6452282157676349,0.9539877300613497,0,0,0,1,1,0,0,0,0,0,0,1,0,2024,6,June,2,26,1,2024-06-01
U79659CUA1,8914853699,3191106842,2024-07-21,355,99222,A16.1,233,217,Medicaid,Under Review,Service not covered,No,On Hold,Paid,138,16,0.6563380281690141,0.6112676056338028,0.9313304721030042,0,0,0,0,1,0,1,0,0,0,0,0,0,2024,7,July,3,29,7,2024-07-01
OVL10LO2Q7,2925593047,2123404033,2024-09-08,116,99238,A04.9,75,71,Medicaid,Paid,Missing documentation,No,Open,Denied,45,4,0.646551724137931,0.6120689655172413,0.9466666666666667,0,1,1,0,1,1,0,0,0,0,0,1,0,2024,9,September,3,36,7,2024-09-01
V4UC8NOS7Y,3289635734,6288939661,2024-08-11,391,99221,A06.0,288,262,Medicaid,Under Review,Duplicate claim,Yes,Partially Paid,Partially Paid,129,26,0.7365728900255755,0.670076726342711,0.9097222222222222,0,0,0,1,1,0,1,0,0,0,0,0,0,2024,8,August,3,32,7,2024-08-01
6O9HDAP1PX,3325326098,0994049002,2024-06-26,459,99232,A06.5,277,222,Medicaid,Under Review,Lack of medical necessity,Yes,Open,Paid,237,55,0.6034858387799564,0.48366013071895425,0.8014440433212996,0,0,0,1,1,0,1,0,0,0,0,0,0,2024,6,June,2,26,3,2024-06-01
8J08C4J2BK,3699222175,3356739934,2024-07-20,452,99223,A07.3,381,378,Self-Pay,Under Review,Duplicate claim,Yes,Partially Paid,Partially Paid,74,3,0.8429203539823009,0.8362831858407079,0.9921259842519685,0,0,0,1,1,0,1,0,0,0,0,0,0,2024,7,July,3,29,6,2024-07-01
K3SDSZZS3G,8004223765,4383992454,2024-07-06,470,99213,A15.0,383,308,Medicaid,Under Review,Patient eligibility issues,No,Closed,Paid,162,75,0.8148936170212766,0.6553191489361702,0.804177545691906,0,0,0,0,0,0,1,1,0,0,0,0,0,2024,7,July,3,27,6,2024-07-01
4Q7CUR00E1,7974497902,8954065677,2024-09-06,123,99231,A17.0,80,69,Medicaid,Denied,Incorrect billing information,No,On Hold,Paid,54,11,0.6504065040650406,0.5609756097560976,0.8625,1,0,1,0,1,1,0,0,0,0,1,0,0,2024,9,September,3,36,5,2024-09-01
UMMFYEKL2L,7662969656,7889892835,2024-08-22,307,99214,A19.1,226,215,Medicare,Paid,Patient eligibility issues,Yes,Pending,Paid,92,11,0.7361563517915309,0.7003257328990228,0.9513274336283186,0,0,0,1,1,0,0,0,0,0,0,1,0,2024,8,August,3,34,4,2024-08-01
IJTA1OJ7O1,8612329678,4207894962,2024-06-14,264,99222,A08.1,215,198,Medicare,Denied,Missing documentation,No,Pending,Partially Paid,66,17,0.8143939393939394,0.75,0.9209302325581395,1,0,1,0,1,1,0,0,0,0,1,0,0,2024,6,June,2,24,5,2024-06-01
WSAXXHQ1T1,7330837661,9448341013,2024-09-02,307,99231,A05.0,208,174,Commercial,Under Review,Authorization not obtained,Yes,On Hold,Partially Paid,133,34,0.6775244299674267,0.5667752442996743,0.8365384615384616,0,0,0,1,1,0,1,0,0,0,0,0,0,2024,9,September,3,36,1,2024-09-01
X3SK7L93LM,1928620624,7830009734,2024-08-23,154,99213,A08.5,125,121,Medicaid,Denied,Patient eligibility issues,Yes,Partially Paid,Partially Paid,33,4,0.8116883116883117,0.7857142857142857,0.968,1,0,1,1,1,1,0,1,0,0,1,0,0,2024,8,August,3,34,5,2024-08-01
5MMRWAIYXD,2506904960,5007142488,2024-05-28,400,99214,A07.8,258,219,Medicaid,Paid,Pre-existing condition,No,Closed,Paid,181,39,0.645,0.5475,0.8488372093023255,0,0,0,0,0,0,0,0,0,0,0,1,0,2024,5,May,2,22,2,2024-05-01
0H5LUZFBBR,7185092437,6507627043,2024-09-16,118,99213,A05.2,74,61,Self-Pay,Paid,Service not covered,Yes,Denied,Paid,57,13,0.6271186440677966,0.5169491525423728,0.8243243243243243,0,0,0,1,0,0,0,1,0,0,0,1,0,2024,9,September,3,38,1,2024-09-01
1U5NR0N4CU,8791547570,7141352718,2024-05-18,164,99223,A01.9,144,125,Self-Pay,Paid,Authorization not obtained,No,Partially Paid,Paid,39,19,0.8780487804878049,0.7621951219512195,0.8680555555555556,0,0,0,0,1,0,0,0,0,0,0,1,0,2024,5,May,2,20,6,2024-05-01
4ACZWJ3F5F,2792541069,9603542048,2024-07-07,256,99233,A16.5,220,180,Self-Pay,Denied,Duplicate claim,Yes,Pending,Denied,76,40,0.859375,0.703125,0.8181818181818182,1,1,1,1,1,0,0,0,0,0,1,0,0,2024,7,July,3,27,7,2024-07-01
D83NCPMVTK,5306270138,7198947816,2024-06-10,224,99215,A04.5,153,147,Medicare,Paid,Service not covered,No,Denied,Paid,77,6,0.6830357142857143,0.65625,0.9607843137254902,0,0,0,0,0,0,0,1,0,0,0,1,0,2024,6,June,2,24,1,2024-06-01
E9IEIYB8WZ,6257670398,3709507276,2024-06-18,371,99221,A04.4,315,301,Medicaid,Paid,Missing documentation,No,Denied,Partially Paid,70,14,0.8490566037735849,0.8113207547169812,0.9555555555555556,0,0,0,0,0,0,0,1,0,0,0,1,0,2024,6,June,2,25,2,2024-06-01
06NQMSR38I,6535583832,8374574966,2024-06-01,120,99231,A18.5,84,70,Medicaid,Paid,Authorization not obtained,Yes,Pending,Partially Paid,50,14,0.7,0.5833333333333334,0.8333333333333334,0,0,0,1,1,0,0,0,0,0,0,1,0,2024,6,June,2,22,6,2024-06-01
626B66H97K,3185929308,8541497946,2024-06-25,184,99238,A16.3,115,99,Medicare,Under Review,Missing documentation,Yes,Closed,Paid,85,16,0.625,0.5380434782608695,0.8608695652173913,0,0,0,1,0,0,1,1,0,0,0,0,0,2024,6,June,2,26,2,2024-06-01
129JSAM402,3408573075,5948517708,2024-08-08,405,99232,A05.4,255,218,Medicare,Paid,Service not covered,Yes,Denied,Partially Paid,187,37,0.6296296296296297,0.5382716049382716,0.8549019607843137,0,0,0,1,0,0,0,1,0,0,0,1,0,2024,8,August,3,32,4,2024-08-01
Y7PLNK4HHX,6555966188,5908563382,2024-05-07,291,99214,A02.0,239,229,Medicaid,Paid,Patient eligibility issues,No,Open,Denied,62,10,0.8213058419243986,0.7869415807560137,0.9581589958158996,0,1,1,0,1,1,0,0,0,0,0,1,0,2024,5,May,2,19,2,2024-05-01
KE1122CFDF,8628491259,2724634866,2024-09-14,362,99221,A03.1,322,312,Medicaid,Under Review,Patient eligibility issues,Yes,Closed,Denied,50,10,0.8895027624309392,0.861878453038674,0.968944099378882,0,1,1,1,0,0,0,1,0,0,0,0,0,2024,9,September,3,37,6,2024-09-01
OYAQX3178P,0873141871,9133253322,2024-07-17,104,99213,A05.8,92,84,Medicare,Denied,Patient eligibility issues,Yes,Partially Paid,Partially Paid,20,8,0.8846153846153846,0.8076923076923077,0.9130434782608695,1,0,1,1,1,1,0,1,0,0,1,0,0,2024,7,July,3,29,3,2024-07-01
XY6SDTZAKM,5830535227,3690623221,2024-07-14,191,99232,A08.4,148,125,Medicare,Under Review,Service not covered,No,Pending,Paid,66,23,0.774869109947644,0.6544502617801047,0.8445945945945946,0,0,0,0,1,0,1,0,0,0,0,0,0,2024,7,July,3,28,7,2024-07-01
RJC3BBE1LD,1880874731,7753006069,2024-09-03,274,99231,A19.0,229,224,Commercial,Denied,Patient eligibility issues,Yes,On Hold,Paid,50,5,0.8357664233576643,0.8175182481751825,0.9781659388646288,1,0,1,1,1,1,0,0,0,0,1,0,0,2024,9,September,3,36,2,2024-09-01
S1SUBLMW4D,9685974415,3445672900,2024-09-16,151,99213,A05.4,92,75,Medicaid,Denied,Pre-existing condition,Yes,Partially Paid,Paid,76,17,0.609271523178808,0.4966887417218543,0.8152173913043478,1,0,1,1,1,1,0,1,0,0,1,0,0,2024,9,September,3,38,1,2024-09-01
CWIC0X7EWK,8693588722,2482986908,2024-08-26,174,99233,A05.3,132,115,Medicare,Denied,Authorization not obtained,No,Pending,Paid,59,17,0.7586206896551724,0.6609195402298851,0.8712121212121212,1,0,1,0,1,1,0,0,0,0,1,0,0,2024,8,August,3,35,1,2024-08-01
V6H96YJ3Q0,6441140176,0527465320,2024-09-03,105,99233,A03.0,66,53,Medicare,Under Review,Authorization not obtained,No,Denied,Denied,52,13,0.6285714285714286,0.5047619047619047,0.803030303030303,0,1,1,0,0,0,0,0,0,0,0,0,0,2024,9,September,3,36,2,2024-09-01
VBOYRGBA6I,9200128054,6644853958,2024-05-21,307,99222,A04.0,276,249,Self-Pay,Under Review,Service not covered,No,Denied,Denied,58,27,0.8990228013029316,0.8110749185667753,0.9021739130434783,0,1,1,0,0,0,0,0,0,0,0,0,0,2024,5,May,2,21,2,2024-05-01
U9S6X8CQUH,4431692620,9430860915,2024-08-10,105,99213,A16.2,88,70,Self-Pay,Under Review,Missing documentation,Yes,Pending,Paid,35,18,0.8380952380952381,0.6666666666666666,0.7954545454545454,0,0,0,1,1,0,1,0,0,0,0,0,0,2024,8,August,3,32,6,2024-08-01
CXV519RIB1,3748398668,0417518310,2024-06-22,493,99213,A18.3,299,269,Medicare,Paid,Missing documentation,Yes,Denied,Paid,224,30,0.6064908722109533,0.5456389452332657,0.8996655518394648,0,0,0,1,0,0,0,1,0,0,0,1,0,2024,6,June,2,25,6,2024-06-01
VHWO37T8KV,5562289159,3047868763,2024-05-03,394,99221,A16.9,348,303,Self-Pay,Denied,Incorrect billing information,Yes,Denied,Partially Paid,91,45,0.883248730964467,0.7690355329949239,0.8706896551724138,1,0,1,1,0,1,0,0,0,0,1,0,0,2024,5,May,2,18,5,2024-05-01
KCQ31K04ES,4386831928,0015540456,2024-09-05,298,99214,A09.0,251,219,Medicaid,Paid,Incorrect billing information,No,On Hold,Partially Paid,79,32,0.8422818791946308,0.7348993288590604,0.8725099601593626,0,0,0,0,1,0,0,0,0,0,0,1,0,2024,9,September,3,36,4,2024-09-01
JRQFDUNNZA,0654484787,1082672220,2024-06-17,456,99214,A18.2,317,298,Self-Pay,Denied,Lack of medical necessity,Yes,Partially Paid,Paid,158,19,0.6951754385964912,0.6535087719298246,0.9400630914826499,1,0,1,1,1,1,0,1,0,0,1,0,0,2024,6,June,2,25,1,2024-06-01
ICXJAGX280,3438241742,5613605690,2024-06-20,424,99223,A04.8,334,291,Medicaid,Denied,Missing documentation,No,Partially Paid,Denied,133,43,0.7877358490566038,0.6863207547169812,0.8712574850299402,1,1,1,0,1,0,0,1,0,0,1,0,0,2024,6,June,2,25,4,2024-06-01
B800KVQCRH,0582667570,0629341153,2024-07-04,205,99221,A03.9,173,169,Self-Pay,Paid,Duplicate claim,Yes,Denied,Denied,36,4,0.8439024390243902,0.824390243902439,0.976878612716763,0,1,1,1,0,1,0,1,0,0,0,1,0,2024,7,July,3,27,4,2024-07-01
0U0LB6NVA3,6375057046,7295212297,2024-08-25,197,99213,A07.2,145,145,Self-Pay,Under Review,Incorrect billing information,Yes,Denied,Paid,52,0,0.7360406091370558,0.7360406091370558,1.0,0,0,0,1,0,0,1,0,0,0,0,0,0,2024,8,August,3,34,7,2024-08-01
GZ7AQBA9ML,1092051342,0190298505,2024-05-02,121,99232,A05.4,88,79,Medicare,Denied,Incorrect billing information,No,Pending,Paid,42,9,0.7272727272727273,0.6528925619834711,0.8977272727272727,1,0,1,0,1,1,0,0,0,0,1,0,0,2024,5,May,2,18,4,2024-05-01
1CSA07OIM7,1509574452,1779925411,2024-09-20,446,99214,A09.0,279,279,Self-Pay,Denied,Duplicate claim,No,Pending,Partially Paid,167,0,0.625560538116592,0.625560538116592,1.0,1,0,1,0,1,1,0,0,0,0,1,0,0,2024,9,September,3,38,5,2024-09-01
LC166BD465,4641711313,1857910463,2024-06-27,165,99221,A03.0,113,91,Commercial,Denied,Incorrect billing information,Yes,Partially Paid,Paid,74,22,0.6848484848484848,0.5515151515151515,0.8053097345132744,1,0,1,1,1,1,0,1,0,0,1,0,0,2024,6,June,2,26,4,2024-06-01
R85CVH3EJD,5215699371,4511346894,2024-08-21,363,99222,A08.5,279,226,Self-Pay,Denied,Incorrect billing information,No,On Hold,Paid,137,53,0.768595041322314,0.6225895316804407,0.8100358422939068,1,0,1,0,1,1,0,0,0,0,1,0,0,2024,8,August,3,34,3,2024-08-01
HID85OO7VR,2227575907,3110430334,2024-06-14,237,99223,A06.4,155,151,Medicaid,Denied,Pre-existing condition,No,Partially Paid,Paid,86,4,0.6540084388185654,0.6371308016877637,0.9741935483870968,1,0,1,0,1,1,0,1,0,0,1,0,0,2024,6,June,2,24,5,2024-06-01
HWMP3FP29R,2363625454,2756457356,2024-05-21,357,99232,A18.3,257,215,Medicaid,Under Review,Authorization not obtained,No,Partially Paid,Partially Paid,142,42,0.7198879551820728,0.6022408963585434,0.8365758754863813,0,0,0,0,1,0,1,0,0,0,0,0,0,2024,5,May,2,21,2,2024-05-01
BD6JMPH1IZ,7621560419,0283562478,2024-07-12,312,99231,A16.1,228,223,Medicare,Denied,Authorization not obtained,No,On Hold,Partially Paid,89,5,0.7307692307692307,0.7147435897435898,0.9780701754385965,1,0,1,0,1,1,0,0,0,0,1,0,0,2024,7,July,3,28,5,2024-07-01
0RTE3LY6B3,0371140982,3812698250,2024-09-13,193,99223,A02.3,173,151,Commercial,Under Review,Incorrect billing information,No,Open,Paid,42,22,0.8963730569948186,0.7823834196891192,0.8728323699421965,0,0,0,0,1,0,1,0,0,0,0,0,0,2024,9,September,3,37,5,2024-09-01
WP1RN1V310,2282786646,0892102986,2024-05-08,438,99232,A04.2,296,237,Medicare,Under Review,Lack of medical necessity,No,Partially Paid,Paid,201,59,0.6757990867579908,0.541095890410959,0.8006756756756757,0,0,0,0,1,0,1,0,0,0,0,0,0,2024,5,May,2,19,3,2024-05-01
YNO4WMLIIG,0440570556,4500481435,2024-06-24,212,99223,A18.1,174,166,Commercial,Under Review,Incorrect billing information,No,On Hold,Denied,46,8,0.8207547169811321,0.7830188679245284,0.9540229885057471,0,1,1,0,1,0,0,0,0,0,0,0,0,2024,6,June,2,26,1,2024-06-01
O5AUGSKC9P,8956729310,2026001261,2024-08-19,314,99215,A17.8,281,266,Commercial,Paid,Service not covered,No,Denied,Partially Paid,48,15,0.8949044585987261,0.8471337579617835,0.9466192170818505,0,0,0,0,0,0,0,1,0,0,0,1,0,2024,8,August,3,34,1,2024-08-01
HWT8UWJWYZ,1541479927,2059927708,2024-06-15,407,99221,A19.0,306,295,Medicare,Paid,Patient eligibility issues,Yes,Closed,Paid,112,11,0.7518427518427518,0.7248157248157249,0.9640522875816994,0,0,0,1,0,0,0,0,0,0,0,1,0,2024,6,June,2,24,6,2024-06-01
3FYJ0NHSYH,4031482272,6838754017,2024-06-27,496,99232,A02.2,429,402,Medicaid,Denied,Patient eligibility issues,Yes,Denied,Partially Paid,94,27,0.8649193548387096,0.8104838709677419,0.9370629370629371,1,0,1,1,0,1,0,0,0,0,1,0,0,2024,6,June,2,26,4,2024-06-01
Q1RPRTJTB9,2380747740,2943869904,2024-06-20,389,99215,A16.9,318,314,Medicaid,Paid,Patient eligibility issues,Yes,Pending,Paid,75,4,0.8174807197943444,0.8071979434447301,0.9874213836477987,0,0,0,1,1,0,0,0,0,0,0,1,0,2024,6,June,2,25,4,2024-06-01
0UL3SODFH8,5970964660,8781592521,2024-08-22,416,99233,A06.9,342,309,Medicare,Denied,Patient eligibility issues,Yes,On Hold,Denied,107,33,0.8221153846153846,0.7427884615384616,0.9035087719298246,1,1,1,1,1,0,0,0,0,0,1,0,0,2024,8,August,3,34,4,2024-08-01
XQCZWVNRZW,7720162788,3002366849,2024-09-12,253,99214,A05.7,158,156,Self-Pay,Under Review,Patient eligibility issues,Yes,Denied,Denied,97,2,0.6245059288537549,0.616600790513834,0.9873417721518988,0,1,1,1,0,0,0,0,0,0,0,0,0,2024,9,September,3,37,4,2024-09-01
KCBHXUH8WG,1223197762,7485165315,2024-05-08,457,99215,A16.7,316,293,Medicare,Denied,Incorrect billing information,No,On Hold,Paid,164,23,0.6914660831509847,0.6411378555798687,0.9272151898734177,1,0,1,0,1,1,0,0,0,0,1,0,0,2024,5,May,2,19,3,2024-05-01
5VQ3M2QHGN,6928786542,5786417148,2024-08-29,197,99215,A04.9,153,141,Self-Pay,Paid,Incorrect billing information,No,Closed,Denied,56,12,0.7766497461928934,0.7157360406091371,0.9215686274509803,0,1,1,0,0,1,0,0,0,0,0,1,0,2024,8,August,3,35,4,2024-08-01
ZJ1B6MZOYC,2101472532,0568029226,2024-07-14,344,99238,A05.4,261,209,Medicare,Under Review,Service not covered,No,Closed,Denied,135,52,0.7587209302325582,0.6075581395348837,0.8007662835249042,0,1,1,0,0,0,0,1,0,0,0,0,0,2024,7,July,3,28,7,2024-07-01
2QAVFOJ9GZ,7357410289,5465259486,2024-07-19,106,99215,A04.6,76,62,Medicaid,Under Review,Duplicate claim,Yes,Closed,Denied,44,14,0.7169811320754716,0.5849056603773585,0.8157894736842105,0,1,1,1,0,0,0,1,0,0,0,0,0,2024,7,July,3,29,5,2024-07-01
1Z5BB5IC2P,3842080675,1076949745,2024-09-02,131,99223,A01.6,84,78,Self-Pay,Denied,Incorrect billing information,No,Pending,Denied,53,6,0.6412213740458015,0.5954198473282443,0.9285714285714286,1,1,1,0,1,0,0,0,0,0,1,0,0,2024,9,September,3,36,1,2024-09-01
O38AXSYK7I,7903690830,1990470696,2024-08-27,211,99222,A05.3,175,173,Medicaid,Paid,Incorrect billing information,No,Closed,Paid,38,2,0.8293838862559242,0.8199052132701422,0.9885714285714285,0,0,0,0,0,0,0,0,0,0,0,1,0,2024,8,August,3,35,2,2024-08-01
U41UCCEZ58,3865843017,9539233165,2024-05-06,203,99214,A06.4,143,141,Medicare,Paid,Missing documentation,Yes,Partially Paid,Denied,62,2,0.7044334975369458,0.6945812807881774,0.986013986013986,0,1,1,1,1,1,0,0,0,0,0,1,0,2024,5,May,2,19,1,2024-05-01
6X04TJQP95,2580747102,6998428852,2024-08-14,233,99223,A03.3,164,163,Medicare,Under Review,Duplicate claim,Yes,Pending,Partially Paid,70,1,0.703862660944206,0.6995708154506438,0.9939024390243902,0,0,0,1,1,0,1,0,0,0,0,0,0,2024,8,August,3,33,3,2024-08-01
BYNOC8UUQ5,8399454678,9877119289,2024-09-02,409,99232,A04.5,368,316,Commercial,Paid,Authorization not obtained,No,On Hold,Denied,93,52,0.8997555012224939,0.7726161369193154,0.8586956521739131,0,1,1,0,1,1,0,0,0,0,0,1,0,2024,9,September,3,36,1,2024-09-01
7B86UJ5JVR,3503207313,7834420809,2024-08-27,465,99213,A03.2,322,273,Medicare,Denied,Pre-existing condition,No,Partially Paid,Denied,192,49,0.6924731182795699,0.5870967741935483,0.8478260869565217,1,1,1,0,1,0,0,1,0,0,1,0,0,2024,8,August,3,35,2,2024-08-01
ST9Z0RW8XR,7755504070,6961398978,2024-05-18,195,99214,A06.1,125,112,Self-Pay,Under Review,Patient eligibility issues,No,Pending,Denied,83,13,0.6410256410256411,0.5743589743589743,0.896,0,1,1,0,1,0,0,0,0,0,0,0,0,2024,5,May,2,20,6,2024-05-01
WU3OXBPL3T,5161867397,2811006176,2024-07-11,406,99231,A02.3,350,291,Medicaid,Under Review,Missing documentation,Yes,Closed,Denied,115,59,0.8620689655172413,0.7167487684729064,0.8314285714285714,0,1,1,1,0,0,0,1,0,0,0,0,0,2024,7,July,3,28,4,2024-07-01
THX7WD0F0Q,8942646135,4077794287,2024-09-08,237,99223,A04.0,143,125,Medicaid,Under Review,Authorization not obtained,Yes,Open,Paid,112,18,0.6033755274261603,0.5274261603375527,0.8741258741258742,0,0,0,1,1,0,1,0,0,0,0,0,0,2024,9,September,3,36,7,2024-09-01
8NWLLQTWC2,8853064848,4283750973,2024-08-02,388,99213,A04.5,265,246,Medicare,Denied,Authorization not obtained,Yes,Partially Paid,Partially Paid,142,19,0.6829896907216495,0.634020618556701,0.9283018867924528,1,0,1,1,1,1,0,1,0,0,1,0,0,2024,8,August,3,31,5,2024-08-01
UI07XS1H4P,7053474079,4086686788,2024-06-30,260,99232,A01.1,168,136,Commercial,Paid,Lack of medical necessity,Yes,Denied,Denied,124,32,0.6461538461538462,0.5230769230769231,0.8095238095238095,0,1,1,1,0,1,0,1,0,0,0,1,0,2024,6,June,2,26,7,2024-06-01
SKPGISFMVY,4487981315,8259362877,2024-08-09,354,99232,A01.0,282,256,Commercial,Denied,Incorrect billing information,Yes,Partially Paid,Denied,98,26,0.7966101694915254,0.7231638418079096,0.9078014184397163,1,1,1,1,1,0,0,1,0,0,1,0,0,2024,8,August,3,32,5,2024-08-01
W80BHWJM6Q,1711694468,5335838670,2024-05-13,292,99215,A02.2,249,223,Self-Pay,Denied,Lack of medical necessity,Yes,Closed,Partially Paid,69,26,0.8527397260273972,0.7636986301369864,0.8955823293172691,1,0,1,1,0,1,0,0,0,0,1,0,0,2024,5,May,2,20,1,2024-05-01
0E609C7NUT,8212119836,1819347988,2024-07-22,144,99215,A00.0,122,113,Self-Pay,Denied,Pre-existing condition,Yes,Denied,Paid,31,9,0.8472222222222222,0.7847222222222222,0.9262295081967213,1,0,1,1,0,1,0,0,0,0,1,0,0,2024,7,July,3,30,1,2024-07-01
QG9PR5YY70,4935186078,6428719917,2024-05-19,132,99221,A04.1,97,78,Medicaid,Under Review,Missing documentation,No,Pending,Partially Paid,54,19,0.7348484848484849,0.5909090909090909,0.8041237113402062,0,0,0,0,1,0,1,0,0,0,0,0,0,2024,5,May,2,20,7,2024-05-01
ZA2FGXUJDG,5382775431,6203400164,2024-06-20,269,99215,A04.8,233,187,Self-Pay,Under Review,Incorrect billing information,No,On Hold,Denied,82,46,0.8661710037174721,0.6951672862453532,0.8025751072961373,0,1,1,0,1,0,0,0,0,0,0,0,0,2024,6,June,2,25,4,2024-06-01
UZ78L25UAC,9204268623,4982600288,2024-05-07,438,99215,A18.2,362,341,Commercial,Denied,Incorrect billing information,Yes,On Hold,Denied,97,21,0.8264840182648402,0.7785388127853882,0.9419889502762431,1,1,1,1,1,0,0,0,0,0,1,0,0,2024,5,May,2,19,2,2024-05-01
4KJFCKZUKK,8829357430,8621007016,2024-08-23,432,99232,A04.9,334,318,Medicaid,Denied,Duplicate claim,Yes,Pending,Partially Paid,114,16,0.7731481481481481,0.7361111111111112,0.9520958083832335,1,0,1,1,1,1,0,0,0,0,1,0,0,2024,8,August,3,34,5,2024-08-01
TIFDOZU5ML,9020001847,0408097678,2024-06-11,436,99222,A16.2,368,356,Self-Pay,Paid,Authorization not obtained,Yes,Denied,Partially Paid,80,12,0.8440366972477065,0.8165137614678899,0.967391304347826,0,0,0,1,0,0,0,1,0,0,0,1,0,2024,6,June,2,24,2,2024-06-01
YXUOO51AIG,5306316104,1495568771,2024-06-06,344,99215,A07.8,305,290,Medicaid,Denied,Missing documentation,No,Pending,Denied,54,15,0.8866279069767442,0.8430232558139535,0.9508196721311475,1,1,1,0,1,0,0,0,0,0,1,0,0,2024,6,June,2,23,4,2024-06-01
HWKX647PXI,6601538518,1754781854,2024-08-06,221,99221,A18.8,182,161,Self-Pay,Paid,Authorization not obtained,No,Partially Paid,Paid,60,21,0.8235294117647058,0.7285067873303167,0.8846153846153846,0,0,0,0,1,0,0,0,0,0,0,1,0,2024,8,August,3,32,2,2024-08-01
D9VMOS4S9C,2990425033,8413480749,2024-06-19,206,99221,A06.9,138,138,Medicaid,Under Review,Lack of medical necessity,Yes,Partially Paid,Denied,68,0,0.6699029126213593,0.6699029126213593,1.0,0,1,1,1,1,0,0,0,0,0,0,0,0,2024,6,June,2,25,3,2024-06-01
TBOCLH2G8Z,4726865262,1655045445,2024-09-04,455,99215,A05.5,349,322,Self-Pay,Paid,Patient eligibility issues,No,Closed,Partially Paid,133,27,0.7670329670329671,0.7076923076923077,0.9226361031518625,0,0,0,0,0,0,0,0,0,0,0,1,0,2024,9,September,3,36,3,2024-09-01
XCUD7INM1T,0691789899,2508422282,2024-08-21,216,99213,A15.0,144,127,Medicare,Paid,Authorization not obtained,No,Partially Paid,Paid,89,17,0.6666666666666666,0.5879629629629629,0.8819444444444444,0,0,0,0,1,0,0,0,0,0,0,1,0,2024,8,August,3,34,3,2024-08-01
IC6SLI7AGC,4359470938,1045974580,2024-05-08,377,99222,A09.9,324,281,Medicaid,Paid,Lack of medical necessity,No,Closed,Paid,96,43,0.8594164456233422,0.7453580901856764,0.8672839506172839,0,0,0,0,0,0,0,0,0,0,0,1,0,2024,5,May,2,19,3,2024-05-01
U6MLFNT6IC,8969596515,7877349395,2024-07-28,441,99222,A08.8,287,250,Medicare,Paid,Duplicate claim,No,Partially Paid,Partially Paid,191,37,0.6507936507936508,0.5668934240362812,0.8710801393728222,0,0,0,0,1,0,0,0,0,0,0,1,0,2024,7,July,3,30,7,2024-07-01
0DMY7OM9V3,2292006926,6533883551,2024-05-18,212,99222,A01.5,149,147,Commercial,Paid,Incorrect billing information,Yes,Denied,Denied,65,2,0.7028301886792453,0.6933962264150944,0.9865771812080537,0,1,1,1,0,1,0,1,0,0,0,1,0,2024,5,May,2,20,6,2024-05-01
AN3SO8970O,2245195950,6683667937,2024-05-06,309,99238,A00.9,221,197,Commercial,Paid,Service not covered,Yes,Open,Denied,112,24,0.7152103559870551,0.6375404530744336,0.8914027149321267,0,1,1,1,1,1,0,0,0,0,0,1,0,2024,5,May,2,19,1,2024-05-01
6K77QKWDYO,6684688437,0106059983,2024-06-29,250,99214,A17.8,199,176,Medicaid,Denied,Patient eligibility issues,Yes,Denied,Partially Paid,74,23,0.796,0.704,0.8844221105527639,1,0,1,1,0,1,0,0,0,0,1,0,0,2024,6,June,2,26,6,2024-06-01
438A5MOVD0,3213127164,2413406518,2024-06-17,223,99232,A04.7,169,158,Medicaid,Paid,Incorrect billing information,Yes,Closed,Partially Paid,65,11,0.757847533632287,0.7085201793721974,0.9349112426035503,0,0,0,1,0,0,0,0,0,0,0,1,0,2024,6,June,2,25,1,2024-06-01
RIO2R8CTGB,1975791373,4224330957,2024-06-09,325,99222,A04.1,195,163,Self-Pay,Denied,Missing documentation,No,Partially Paid,Partially Paid,162,32,0.6,0.5015384615384615,0.8358974358974359,1,0,1,0,1,1,0,1,0,0,1,0,0,2024,6,June,2,23,7,2024-06-01
51S0ZA96B2,2810963746,7492602100,2024-05-17,294,99222,A07.1,220,195,Self-Pay,Paid,Lack of medical necessity,No,Open,Partially Paid,99,25,0.7482993197278912,0.6632653061224489,0.8863636363636364,0,0,0,0,1,0,0,0,0,0,0,1,0,2024,5,May,2,20,5,2024-05-01
SGA3V0TOHF,5450025497,3657082681,2024-08-16,127,99222,A08.1,102,97,Commercial,Denied,Duplicate claim,No,Partially Paid,Paid,30,5,0.8031496062992126,0.7637795275590551,0.9509803921568627,1,0,1,0,1,1,0,1,0,0,1,0,0,2024,8,August,3,33,5,2024-08-01
WJIDX3L5B4,5925850831,7431704254,2024-06-29,273,99215,A06.7,190,186,Medicaid,Paid,Patient eligibility issues,Yes,Pending,Paid,87,4,0.6959706959706959,0.6813186813186813,0.9789473684210527,0,0,0,1,1,0,0,0,0,0,0,1,0,2024,6,June,2,26,6,2024-06-01
CWBNQIUSYS,5030266871,7984072910,2024-08-15,274,99213,A18.8,209,209,Medicaid,Denied,Pre-existing condition,Yes,Open,Paid,65,0,0.7627737226277372,0.7627737226277372,1.0,1,0,1,1,1,1,0,0,0,0,1,0,0,2024,8,August,3,33,4,2024-08-01
209QEFMF73,0478940437,3787433604,2024-06-25,177,99222,A16.7,144,136,Medicaid,Under Review,Pre-existing condition,No,Pending,Paid,41,8,0.8135593220338984,0.768361581920904,0.9444444444444444,0,0,0,0,1,0,1,0,0,0,0,0,0,2024,6,June,2,26,2,2024-06-01
AMJMCUDZD1,7613874585,3007193490,2024-06-26,140,99233,A04.5,88,74,Medicare,Under Review,Pre-existing condition,Yes,Closed,Denied,66,14,0.6285714285714286,0.5285714285714286,0.8409090909090909,0,1,1,1,0,0,0,1,0,0,0,0,0,2024,6,June,2,26,3,2024-06-01
A7BIM4W5OI,3643791156,8483405125,2024-05-29,116,99238,A05.2,79,75,Commercial,Denied,Authorization not obtained,No,Closed,Denied,41,4,0.6810344827586207,0.646551724137931,0.9493670886075949,1,1,1,0,0,0,0,0,0,0,1,0,0,2024,5,May,2,22,3,2024-05-01
HSQW0L8I57,4283311220,4681094459,2024-05-17,202,99233,A07.9,158,157,Medicaid,Paid,Service not covered,No,Pending,Denied,45,1,0.7821782178217822,0.7772277227722773,0.9936708860759493,0,1,1,0,1,1,0,0,0,0,0,1,0,2024,5,May,2,20,5,2024-05-01
8KCF2ZNTUS,5834352921,6934827474,2024-08-15,340,99215,A01.4,296,249,Self-Pay,Under Review,Service not covered,Yes,Open,Partially Paid,91,47,0.8705882352941177,0.7323529411764705,0.8412162162162162,0,0,0,1,1,0,1,0,0,0,0,0,0,2024,8,August,3,33,4,2024-08-01
PEOSIEND10,7957814893,7088756199,2024-05-24,480,99214,A18.6,339,302,Medicaid,Paid,Service not covered,Yes,On Hold,Paid,178,37,0.70625,0.6291666666666667,0.8908554572271387,0,0,0,1,1,0,0,0,0,0,0,1,0,2024,5,May,2,21,5,2024-05-01
CM865TC1UN,6481008816,8079631435,2024-08-01,112,99213,A02.0,86,72,Self-Pay,Paid,Duplicate claim,Yes,Denied,Denied,40,14,0.7678571428571429,0.6428571428571429,0.8372093023255814,0,1,1,1,0,1,0,1,0,0,0,1,0,2024,8,August,3,31,4,2024-08-01
95M4I7X5BL,2305918821,4567672343,2024-05-10,377,99231,A19.9,247,240,Medicaid,Under Review,Pre-existing condition,Yes,On Hold,Denied,137,7,0.6551724137931034,0.636604774535809,0.97165991902834,0,1,1,1,1,0,0,0,0,0,0,0,0,2024,5,May,2,19,5,2024-05-01
PQPH877IZ8,5402310737,4625423766,2024-06-02,373,99223,A06.0,249,203,Medicaid,Under Review,Authorization not obtained,No,Partially Paid,Paid,170,46,0.6675603217158177,0.5442359249329759,0.8152610441767069,0,0,0,0,1,0,1,0,0,0,0,0,0,2024,6,June,2,22,7,2024-06-01
0X4AHUXC98,9724119709,8307156605,2024-09-06,263,99221,A18.2,203,201,Self-Pay,Paid,Lack of medical necessity,No,On Hold,Partially Paid,62,2,0.7718631178707225,0.7642585551330798,0.9901477832512315,0,0,0,0,1,0,0,0,0,0,0,1,0,2024,9,September,3,36,5,2024-09-01
F6ZV01PIF5,4865567091,4157071231,2024-09-10,462,99222,A02.1,367,322,Self-Pay,Paid,Patient eligibility issues,Yes,On Hold,Paid,140,45,0.7943722943722944,0.696969696969697,0.8773841961852861,0,0,0,1,1,0,0,0,0,0,0,1,0,2024,9,September,3,37,2,2024-09-01
BBTT5H8V6N,5870473510,2893564587,2024-05-05,238,99233,A15.9,160,141,Commercial,Denied,Incorrect billing information,Yes,Denied,Paid,97,19,0.6722689075630253,0.592436974789916,0.88125,1,0,1,1,0,1,0,0,0,0,1,0,0,2024,5,May,2,18,7,2024-05-01
ERWFNE7M6D,8241932044,7427408093,2024-07-18,249,99213,A18.6,156,139,Medicaid,Denied,Pre-existing condition,No,Closed,Partially Paid,110,17,0.6265060240963856,0.5582329317269076,0.8910256410256411,1,0,1,0,0,1,0,0,0,0,1,0,0,2024,7,July,3,29,4,2024-07-01
ECVNVDR51B,2253125702,2593301482,2024-05-11,105,99223,A02.2,91,90,Medicare,Under Review,Missing documentation,Yes,Closed,Denied,15,1,0.8666666666666667,0.8571428571428571,0.989010989010989,0,1,1,1,0,0,0,1,0,0,0,0,0,2024,5,May,2,19,6,2024-05-01
DE31P3T4TS,3215989543,7894751309,2024-07-06,297,99213,A03.1,226,194,Medicaid,Denied,Service not covered,No,Open,Denied,103,32,0.7609427609427609,0.6531986531986532,0.8584070796460177,1,1,1,0,1,0,0,0,0,0,1,0,0,2024,7,July,3,27,6,2024-07-01
5UCYD1UOW7,0494182752,1124235284,2024-07-19,152,99231,A05.8,112,106,Self-Pay,Under Review,Patient eligibility issues,No,Partially Paid,Denied,46,6,0.7368421052631579,0.6973684210526315,0.9464285714285714,0,1,1,0,1,0,0,0,0,0,0,0,0,2024,7,July,3,29,5,2024-07-01
1ORERG2ELZ,3385089876,6074309610,2024-06-11,146,99221,A18.5,99,88,Medicaid,Paid,Pre-existing condition,No,Pending,Paid,58,11,0.678082191780822,0.6027397260273972,0.8888888888888888,0,0,0,0,1,0,0,0,0,0,0,1,0,2024,6,June,2,24,2,2024-06-01
YEP9X5FSQX,6471383404,0898907530,2024-06-09,357,99214,A15.1,258,236,Commercial,Under Review,Incorrect billing information,Yes,Denied,Denied,121,22,0.7226890756302521,0.6610644257703081,0.9147286821705426,0,1,1,1,0,0,0,0,0,0,0,0,0,2024,6,June,2,23,7,2024-06-01
G4QL22O78X,1865432863,5928784021,2024-06-15,211,99232,A05.3,138,122,Self-Pay,Paid,Authorization not obtained,Yes,On Hold,Partially Paid,89,16,0.6540284360189573,0.5781990521327014,0.8840579710144928,0,0,0,1,1,0,0,0,0,0,0,1,0,2024,6,June,2,24,6,2024-06-01
ZLZABUP42S,7547035624,9428674533,2024-05-11,368,99222,A05.4,264,217,Self-Pay,Denied,Authorization not obtained,No,Pending,Partially Paid,151,47,0.717391304347826,0.5896739130434783,0.821969696969697,1,0,1,0,1,1,0,0,0,0,1,0,0,2024,5,May,2,19,6,2024-05-01
76WE09L0YW,6536989158,5238334505,2024-06-11,341,99214,A18.5,258,220,Self-Pay,Denied,Pre-existing condition,Yes,Denied,Partially Paid,121,38,0.7565982404692082,0.6451612903225806,0.8527131782945736,1,0,1,1,0,1,0,0,0,0,1,0,0,2024,6,June,2,24,2,2024-06-01
QOC4NVWPEP,0232504831,2598662218,2024-09-08,388,99214,A19.1,271,245,Medicaid,Paid,Service not covered,Yes,Closed,Partially Paid,143,26,0.6984536082474226,0.6314432989690721,0.9040590405904059,0,0,0,1,0,0,0,0,0,0,0,1,0,2024,9,September,3,36,7,2024-09-01
1DIBSAA0GS,4875662779,7948642963,2024-09-17,387,99221,A09.0,247,227,Commercial,Denied,Patient eligibility issues,Yes,Closed,Denied,160,20,0.6382428940568475,0.58656330749354,0.9190283400809717,1,1,1,1,0,0,0,0,0,0,1,0,0,2024,9,September,3,38,2,2024-09-01
BBALKOLK23,4868390641,9225325443,2024-06-21,363,99233,A15.9,280,279,Commercial,Paid,Incorrect billing information,No,Pending,Denied,84,1,0.7713498622589532,0.768595041322314,0.9964285714285714,0,1,1,0,1,1,0,0,0,0,0,1,0,2024,6,June,2,25,5,2024-06-01
OQBPO0JDHO,0032906689,4185835837,2024-07-31,112,99214,A02.9,82,72,Medicare,Under Review,Lack of medical necessity,Yes,Closed,Denied,40,10,0.7321428571428571,0.6428571428571429,0.8780487804878049,0,1,1,1,0,0,0,1,0,0,0,0,0,2024,7,July,3,31,3,2024-07-01
JVCZ61N2FM,3010371789,0080661965,2024-05-14,337,99238,A01.6,259,223,Commercial,Under Review,Incorrect billing information,Yes,Pending,Partially Paid,114,36,0.7685459940652819,0.6617210682492581,0.861003861003861,0,0,0,1,1,0,1,0,0,0,0,0,0,2024,5,May,2,20,2,2024-05-01
DOFIAEWQW7,9785108338,8787081290,2024-09-07,303,99231,A06.8,197,186,Medicare,Under Review,Service not covered,No,Pending,Denied,117,11,0.6501650165016502,0.6138613861386139,0.9441624365482234,0,1,1,0,1,0,0,0,0,0,0,0,0,2024,9,September,3,36,6,2024-09-01
92DA4ZTOLN,4271969639,1278823277,2024-07-24,351,99214,A16.3,220,201,Medicare,Denied,Authorization not obtained,No,On Hold,Paid,150,19,0.6267806267806267,0.5726495726495726,0.9136363636363637,1,0,1,0,1,1,0,0,0,0,1,0,0,2024,7,July,3,30,3,2024-07-01
K5BCGKRQY3,1648924613,5182010994,2024-07-30,378,99232,A07.3,295,266,Commercial,Denied,Authorization not obtained,No,Denied,Denied,112,29,0.7804232804232805,0.7037037037037037,0.9016949152542373,1,1,1,0,0,0,0,0,0,0,1,0,0,2024,7,July,3,31,2,2024-07-01
J9H7OYFB45,9526664193,9060303986,2024-06-01,459,99238,A06.9,382,313,Medicare,Denied,Pre-existing condition,Yes,Pending,Paid,146,69,0.8322440087145969,0.681917211328976,0.819371727748691,1,0,1,1,1,1,0,0,0,0,1,0,0,2024,6,June,2,22,6,2024-06-01
TS5ZMDJSKZ,4489563342,8452700426,2024-08-26,245,99233,A07.1,171,170,Commercial,Denied,Pre-existing condition,Yes,Closed,Denied,75,1,0.6979591836734694,0.6938775510204082,0.9941520467836257,1,1,1,1,0,0,0,0,0,0,1,0,0,2024,8,August,3,35,1,2024-08-01
J4GB5VWXUS,6189693117,9753933193,2024-06-17,211,99238,A17.8,161,147,Medicare,Under Review,Missing documentation,No,Open,Partially Paid,64,14,0.7630331753554502,0.6966824644549763,0.9130434782608695,0,0,0,0,1,0,1,0,0,0,0,0,0,2024,6,June,2,25,1,2024-06-01
Q1Q19NHYZM,1056041760,7104786005,2024-09-12,212,99222,A06.8,179,158,Medicare,Paid,Authorization not obtained,Yes,Pending,Partially Paid,54,21,0.8443396226415094,0.7452830188679245,0.88268156424581,0,0,0,1,1,0,0,0,0,0,0,1,0,2024,9,September,3,37,4,2024-09-01
8TI9Y6QQ53,7280392961,6640465517,2024-06-15,361,99221,A06.8,258,235,Medicaid,Denied,Missing documentation,Yes,Pending,Partially Paid,126,23,0.7146814404432132,0.6509695290858726,0.9108527131782945,1,0,1,1,1,1,0,0,0,0,1,0,0,2024,6,June,2,24,6,2024-06-01
VJGM6MW2DZ,1285149236,5434007124,2024-05-24,374,99231,A06.8,268,221,Medicaid,Denied,Patient eligibility issues,Yes,On Hold,Partially Paid,153,47,0.7165775401069518,0.5909090909090909,0.8246268656716418,1,0,1,1,1,1,0,0,0,0,1,0,0,2024,5,May,2,21,5,2024-05-01
BVJOITR4RV,3731183929,6489911759,2024-08-21,122,99213,A18.3,98,96,Medicaid,Denied,Missing documentation,No,Denied,Denied,26,2,0.8032786885245902,0.7868852459016393,0.9795918367346939,1,1,1,0,0,0,0,0,0,0,1,0,0,2024,8,August,3,34,3,2024-08-01
XAIGCLSI4Y,2683714426,4681090255,2024-06-07,255,99222,A01.0,207,185,Medicare,Paid,Lack of medical necessity,Yes,Partially Paid,Paid,70,22,0.8117647058823529,0.7254901960784313,0.893719806763285,0,0,0,1,1,0,0,0,0,0,0,1,0,2024,6,June,2,23,5,2024-06-01
4WXTPMT08D,8126177635,1916196164,2024-09-15,158,99215,A19.1,100,85,Commercial,Under Review,Incorrect billing information,Yes,Pending,Denied,73,15,0.6329113924050633,0.5379746835443038,0.85,0,1,1,1,1,0,0,0,0,0,0,0,0,2024,9,September,3,37,7,2024-09-01
HIVFU4GCLB,5024129980,6777074282,2024-06-07,191,99231,A09.9,153,144,Self-Pay,Paid,Pre-existing condition,No,Partially Paid,Paid,47,9,0.8010471204188482,0.7539267015706806,0.9411764705882353,0,0,0,0,1,0,0,0,0,0,0,1,0,2024,6,June,2,23,5,2024-06-01
OVKO1LGUEC,6639909230,8095300235,2024-05-03,167,99231,A01.3,113,92,Commercial,Under Review,Patient eligibility issues,Yes,On Hold,Paid,75,21,0.6766467065868264,0.5508982035928144,0.8141592920353983,0,0,0,1,1,0,1,0,0,0,0,0,0,2024,5,May,2,18,5,2024-05-01
BVSZ1EPKDF,2120608102,6190595635,2024-06-27,189,99215,A06.7,126,111,Medicare,Denied,Service not covered,Yes,On Hold,Partially Paid,78,15,0.6666666666666666,0.5873015873015873,0.8809523809523809,1,0,1,1,1,1,0,0,0,0,1,0,0,2024,6,June,2,26,4,2024-06-01
QUZRFHJAR8,7438503646,6992433260,2024-09-10,496,99213,A17.8,314,296,Medicaid,Paid,Lack of medical necessity,Yes,Denied,Paid,200,18,0.6330645161290323,0.5967741935483871,0.9426751592356688,0,0,0,1,0,0,0,1,0,0,0,1,0,2024,9,September,3,37,2,2024-09-01
4ZJ4EJQJOO,2854802801,7276473980,2024-08-01,304,99215,A16.7,230,196,Self-Pay,Under Review,Duplicate claim,Yes,Denied,Denied,108,34,0.756578947368421,0.6447368421052632,0.8521739130434782,0,1,1,1,0,0,0,0,0,0,0,0,0,2024,8,August,3,31,4,2024-08-01
CYAWZMLXG0,0368489626,1059135169,2024-08-02,363,99215,A05.8,280,276,Medicare,Under Review,Duplicate claim,Yes,Pending,Denied,87,4,0.7713498622589532,0.7603305785123967,0.9857142857142858,0,1,1,1,1,0,0,0,0,0,0,0,0,2024,8,August,3,31,5,2024-08-01
4E8URPGWI5,5392061436,5881013202,2024-06-06,493,99221,A06.6,331,309,Medicare,Denied,Duplicate claim,No,On Hold,Denied,184,22,0.6713995943204868,0.6267748478701826,0.9335347432024169,1,1,1,0,1,0,0,0,0,0,1,0,0,2024,6,June,2,23,4,2024-06-01
KV3RKW36MO,2604892506,4446018585,2024-07-20,160,99233,A06.6,132,129,Medicare,Under Review,Duplicate claim,No,Partially Paid,Partially Paid,31,3,0.825,0.80625,0.9772727272727273,0,0,0,0,1,0,1,0,0,0,0,0,0,2024,7,July,3,29,6,2024-07-01
9O9WTSEDCL,9949518087,7395493659,2024-08-10,174,99213,A00.0,108,98,Medicare,Under Review,Patient eligibility issues,Yes,Partially Paid,Paid,76,10,0.6206896551724138,0.5632183908045977,0.9074074074074074,0,0,0,1,1,0,1,0,0,0,0,0,0,2024,8,August,3,32,6,2024-08-01
VB81LMR8RI,0136197495,0085280543,2024-06-29,471,99232,A19.0,284,253,Medicare,Paid,Duplicate claim,No,On Hold,Partially Paid,218,31,0.6029723991507431,0.5371549893842887,0.8908450704225352,0,0,0,0,1,0,0,0,0,0,0,1,0,2024,6,June,2,26,6,2024-06-01
T4VER0HQM2,3085868827,8505305846,2024-07-02,334,99231,A16.4,238,214,Self-Pay,Under Review,Lack of medical necessity,Yes,Denied,Partially Paid,120,24,0.7125748502994012,0.6407185628742516,0.8991596638655462,0,0,0,1,0,0,1,0,0,0,0,0,0,2024,7,July,3,27,2,2024-07-01
USEVOLJC9K,5938969942,9846150347,2024-05-30,186,99215,A08.1,162,146,Self-Pay,Denied,Pre-existing condition,No,Partially Paid,Partially Paid,40,16,0.8709677419354839,0.7849462365591398,0.9012345679012346,1,0,1,0,1,1,0,1,0,0,1,0,0,2024,5,May,2,22,4,2024-05-01
RJTSXSP5SM,3386389235,7991338102,2024-06-17,282,99215,A18.7,178,153,Medicare,Denied,Lack of medical necessity,Yes,Pending,Paid,129,25,0.6312056737588653,0.5425531914893617,0.8595505617977528,1,0,1,1,1,1,0,0,0,0,1,0,0,2024,6,June,2,25,1,2024-06-01
CUISTNNGBE,6966724605,5490556701,2024-09-12,390,99222,A03.9,321,272,Self-Pay,Paid,Incorrect billing information,No,Pending,Denied,118,49,0.823076923076923,0.6974358974358974,0.8473520249221184,0,1,1,0,1,1,0,0,0,0,0,1,0,2024,9,September,3,37,4,2024-09-01
E15S838EWA,6990513328,6442407714,2024-05-28,229,99233,A01.1,159,146,Commercial,Under Review,Authorization not obtained,No,Open,Partially Paid,83,13,0.6943231441048034,0.6375545851528385,0.9182389937106918,0,0,0,0,1,0,1,0,0,0,0,0,0,2024,5,May,2,22,2,2024-05-01
ALIEYHSV55,8958518789,1059063310,2024-06-17,434,99223,A05.4,385,384,Commercial,Denied,Service not covered,Yes,Open,Paid,50,1,0.8870967741935484,0.8847926267281107,0.9974025974025974,1,0,1,1,1,1,0,0,0,0,1,0,0,2024,6,June,2,25,1,2024-06-01
85SHCLS6RB,6198103239,3613582551,2024-07-11,156,99238,A19.1,105,86,Self-Pay,Denied,Missing documentation,No,Denied,Paid,70,19,0.6730769230769231,0.5512820512820513,0.819047619047619,1,0,1,0,0,1,0,0,0,0,1,0,0,2024,7,July,3,28,4,2024-07-01
U9ZAZ1KETI,4596227696,2121531242,2024-08-11,183,99221,A05.8,125,113,Self-Pay,Under Review,Missing documentation,Yes,Closed,Denied,70,12,0.6830601092896175,0.6174863387978142,0.904,0,1,1,1,0,0,0,1,0,0,0,0,0,2024,8,August,3,32,7,2024-08-01
QSS9KEPT7B,2606127776,1685735272,2024-05-17,379,99231,A05.2,245,196,Self-Pay,Denied,Missing documentation,No,Open,Denied,183,49,0.6464379947229552,0.5171503957783641,0.8,1,1,1,0,1,0,0,0,0,0,1,0,0,2024,5,May,2,20,5,2024-05-01
FL9M8Z4Y1J,7825906211,6443415737,2024-05-29,160,99232,A18.4,133,130,Commercial,Under Review,Duplicate claim,No,Open,Partially Paid,30,3,0.83125,0.8125,0.9774436090225563,0,0,0,0,1,0,1,0,0,0,0,0,0,2024,5,May,2,22,3,2024-05-01
PPK3L0R3LR,0766206471,3814907008,2024-05-14,403,99232,A03.9,262,210,Medicare,Paid,Service not covered,Yes,Open,Denied,193,52,0.6501240694789082,0.5210918114143921,0.8015267175572519,0,1,1,1,1,1,0,0,0,0,0,1,0,2024,5,May,2,20,2,2024-05-01
ZM8800YXGY,4893864952,4634814012,2024-08-01,208,99222,A08.9,153,125,Commercial,Denied,Missing documentation,Yes,Open,Paid,83,28,0.7355769230769231,0.6009615384615384,0.8169934640522876,1,0,1,1,1,1,0,0,0,0,1,0,0,2024,8,August,3,31,4,2024-08-01
IZ8BSYN5X4,8100330154,5564767377,2024-07-17,427,99213,A09.9,285,246,Commercial,Under Review,Missing documentation,Yes,Open,Paid,181,39,0.667447306791569,0.5761124121779859,0.8631578947368421,0,0,0,1,1,0,1,0,0,0,0,0,0,2024,7,July,3,29,3,2024-07-01
ZQ640SEO54,1981579604,6738912846,2024-07-28,394,99214,A01.5,248,217,Commercial,Under Review,Incorrect billing information,No,On Hold,Paid,177,31,0.6294416243654822,0.550761421319797,0.875,0,0,0,0,1,0,1,0,0,0,0,0,0,2024,7,July,3,30,7,2024-07-01
08KG46TN02,5530136830,2703285082,2024-07-17,123,99238,A06.1,80,73,Commercial,Under Review,Pre-existing condition,Yes,Pending,Partially Paid,50,7,0.6504065040650406,0.5934959349593496,0.9125,0,0,0,1,1,0,1,0,0,0,0,0,0,2024,7,July,3,29,3,2024-07-01
ID5AXGTIDE,1875192791,6743799007,2024-07-18,266,99223,A07.8,223,216,Medicaid,Paid,Authorization not obtained,Yes,Pending,Partially Paid,50,7,0.8383458646616542,0.8120300751879699,0.968609865470852,0,0,0,1,1,0,0,0,0,0,0,1,0,2024,7,July,3,29,4,2024-07-01
9CMUHWOMYF,7557735805,2019446259,2024-06-02,390,99223,A02.1,264,234,Self-Pay,Denied,Authorization not obtained,Yes,Partially Paid,Partially Paid,156,30,0.676923076923077,0.6,0.8863636363636364,1,0,1,1,1,1,0,1,0,0,1,0,0,2024,6,June,2,22,7,2024-06-01
UXMMRZVZP3,9954789018,0020864052,2024-08-16,365,99221,A05.2,284,267,Self-Pay,Paid,Service not covered,Yes,Open,Partially Paid,98,17,0.7780821917808219,0.7315068493150685,0.9401408450704225,0,0,0,1,1,0,0,0,0,0,0,1,0,2024,8,August,3,33,5,2024-08-01
8NMD6CEZMD,3966361053,4551800170,2024-06-20,467,99223,A03.2,309,283,Commercial,Under Review,Missing documentation,No,Denied,Partially Paid,184,26,0.6616702355460385,0.6059957173447538,0.9158576051779935,0,0,0,0,0,0,1,0,0,0,0,0,0,2024,6,June,2,25,4,2024-06-01
ERY1K3Z0TB,1279913184,9851805454,2024-09-08,163,99233,A06.2,137,136,Medicaid,Paid,Incorrect billing information,Yes,Denied,Denied,27,1,0.8404907975460123,0.8343558282208589,0.9927007299270073,0,1,1,1,0,1,0,1,0,0,0,1,0,2024,9,September,3,36,7,2024-09-01
86G1S78UG4,5989862859,2538011313,2024-08-08,308,99215,A08.3,263,226,Self-Pay,Under Review,Lack of medical necessity,Yes,Pending,Denied,82,37,0.8538961038961039,0.7337662337662337,0.8593155893536122,0,1,1,1,1,0,0,0,0,0,0,0,0,2024,8,August,3,32,4,2024-08-01
YU8SILORSU,9906715766,2246623131,2024-09-12,276,99215,A01.0,246,231,Self-Pay,Denied,Missing documentation,No,Open,Denied,45,15,0.8913043478260869,0.8369565217391305,0.9390243902439024,1,1,1,0,1,0,0,0,0,0,1,0,0,2024,9,September,3,37,4,2024-09-01
9IFDDQ36FW,6297166856,0915802079,2024-08-30,153,99222,A18.8,105,93,Medicaid,Denied,Pre-existing condition,Yes,Open,Partially Paid,60,12,0.6862745098039216,0.6078431372549019,0.8857142857142857,1,0,1,1,1,1,0,0,0,0,1,0,0,2024,8,August,3,35,5,2024-08-01
CTJK42TUZ8,9775349310,6882527793,2024-09-09,223,99215,A06.1,157,132,Medicaid,Denied,Authorization not obtained,Yes,Closed,Partially Paid,91,25,0.7040358744394619,0.5919282511210763,0.8407643312101911,1,0,1,1,0,1,0,0,0,0,1,0,0,2024,9,September,3,37,1,2024-09-01
7RDGLF6OU7,1634518964,9476985881,2024-08-05,493,99222,A05.9,301,242,Commercial,Paid,Patient eligibility issues,No,On Hold,Partially Paid,251,59,0.6105476673427992,0.4908722109533469,0.8039867109634552,0,0,0,0,1,0,0,0,0,0,0,1,0,2024,8,August,3,32,1,2024-08-01
W1RENLXMZ4,8111897515,8971633114,2024-09-05,234,99223,A05.7,154,149,Medicaid,Denied,Missing documentation,No,Pending,Paid,85,5,0.6581196581196581,0.6367521367521367,0.9675324675324676,1,0,1,0,1,1,0,0,0,0,1,0,0,2024,9,September,3,36,4,2024-09-01
FOM6YO0M18,1471448010,3682648369,2024-07-20,106,99221,A03.1,84,72,Medicaid,Denied,Patient eligibility issues,No,Pending,Paid,34,12,0.7924528301886793,0.6792452830188679,0.8571428571428571,1,0,1,0,1,1,0,0,0,0,1,0,0,2024,7,July,3,29,6,2024-07-01
S53ODNTT47,3547043085,3640092627,2024-06-29,394,99223,A04.2,266,215,Self-Pay,Denied,Service not covered,No,Partially Paid,Denied,179,51,0.6751269035532995,0.5456852791878173,0.8082706766917294,1,1,1,0,1,0,0,1,0,0,1,0,0,2024,6,June,2,26,6,2024-06-01
ZPUWYEDYOH,8076796115,5476158086,2024-09-03,499,99221,A03.3,394,358,Commercial,Paid,Lack of medical necessity,Yes,Pending,Denied,141,36,0.7895791583166333,0.717434869739479,0.9086294416243654,0,1,1,1,1,1,0,0,0,0,0,1,0,2024,9,September,3,36,2,2024-09-01
QH5JXBO2LU,1772878488,1380820238,2024-08-03,167,99215,A00.9,123,111,Self-Pay,Paid,Incorrect billing information,No,Pending,Partially Paid,56,12,0.7365269461077845,0.6646706586826348,0.9024390243902439,0,0,0,0,1,0,0,0,0,0,0,1,0,2024,8,August,3,31,6,2024-08-01
6O1LURCE9Z,2352266822,1246918644,2024-06-02,365,99232,A05.4,254,204,Self-Pay,Paid,Incorrect billing information,No,On Hold,Paid,161,50,0.6958904109589041,0.5589041095890411,0.8031496062992126,0,0,0,0,1,0,0,0,0,0,0,1,0,2024,6,June,2,22,7,2024-06-01
RB61VAQ523,5835602245,8105343872,2024-08-12,102,99231,A06.3,66,59,Commercial,Under Review,Duplicate claim,Yes,On Hold,Denied,43,7,0.6470588235294118,0.5784313725490197,0.8939393939393939,0,1,1,1,1,0,0,0,0,0,0,0,0,2024,8,August,3,33,1,2024-08-01
WL60FKOVWH,6386975836,6894773821,2024-07-28,261,99213,A03.2,231,216,Commercial,Denied,Duplicate claim,Yes,Closed,Partially Paid,45,15,0.8850574712643678,0.8275862068965517,0.935064935064935,1,0,1,1,0,1,0,0,0,0,1,0,0,2024,7,July,3,30,7,2024-07-01
AP28NM4VQO,2984792296,0200837641,2024-05-10,273,99215,A04.5,230,226,Medicaid,Under Review,Pre-existing condition,Yes,Partially Paid,Partially Paid,47,4,0.8424908424908425,0.8278388278388278,0.9826086956521739,0,0,0,1,1,0,1,0,0,0,0,0,0,2024,5,May,2,19,5,2024-05-01
F0Y42MDKM6,8613123040,2880032021,2024-08-10,253,99232,A18.1,185,164,Medicare,Under Review,Patient eligibility issues,Yes,Closed,Partially Paid,89,21,0.7312252964426877,0.6482213438735178,0.8864864864864865,0,0,0,1,0,0,1,1,0,0,0,0,0,2024,8,August,3,32,6,2024-08-01
57J87V07ZO,0738289739,9589812752,2024-08-20,130,99223,A01.0,89,77,Medicaid,Denied,Pre-existing condition,No,Pending,Paid,53,12,0.6846153846153846,0.5923076923076923,0.8651685393258427,1,0,1,0,1,1,0,0,0,0,1,0,0,2024,8,August,3,34,2,2024-08-01
8RA02PAZ3K,1361115956,3244418302,2024-06-18,258,99222,A19.1,180,148,Commercial,Paid,Lack of medical necessity,Yes,Closed,Partially Paid,110,32,0.6976744186046512,0.5736434108527132,0.8222222222222222,0,0,0,1,0,0,0,0,0,0,0,1,0,2024,6,June,2,25,2,2024-06-01
K8KCHTWFUS,2757348879,7931463843,2024-06-04,293,99214,A02.2,230,224,Commercial,Denied,Patient eligibility issues,Yes,Closed,Paid,69,6,0.7849829351535836,0.764505119453925,0.9739130434782609,1,0,1,1,0,1,0,0,0,0,1,0,0,2024,6,June,2,23,2,2024-06-01
FYVZLKU5TI,4447986801,3266439676,2024-05-23,410,99214,A16.9,282,228,Medicare,Denied,Incorrect billing information,No,On Hold,Denied,182,54,0.6878048780487804,0.5560975609756098,0.8085106382978723,1,1,1,0,1,0,0,0,0,0,1,0,0,2024,5,May,2,21,4,2024-05-01
0EICDLNZHG,0933637732,9887285415,2024-05-30,208,99213,A18.8,161,136,Self-Pay,Under Review,Incorrect billing information,Yes,Open,Paid,72,25,0.7740384615384616,0.6538461538461539,0.84472049689441,0,0,0,1,1,0,1,0,0,0,0,0,0,2024,5,May,2,22,4,2024-05-01
CYYSJWFT1W,6069303896,8561702107,2024-07-22,493,99233,A01.6,398,393,Medicaid,Paid,Pre-existing condition,Yes,Closed,Partially Paid,100,5,0.8073022312373225,0.7971602434077079,0.9874371859296482,0,0,0,1,0,0,0,0,0,0,0,1,0,2024,7,July,3,30,1,2024-07-01
YCS97XY0NS,2482921873,6220374170,2024-05-21,475,99222,A18.3,293,237,Commercial,Under Review,Duplicate claim,No,Partially Paid,Denied,238,56,0.6168421052631579,0.49894736842105264,0.8088737201365188,0,1,1,0,1,0,0,0,0,0,0,0,0,2024,5,May,2,21,2,2024-05-01
6MHAEM4P58,1403659420,6230880952,2024-09-19,144,99232,A03.1,114,107,Commercial,Under Review,Pre-existing condition,No,Open,Denied,37,7,0.7916666666666666,0.7430555555555556,0.9385964912280702,0,1,1,0,1,0,0,0,0,0,0,0,0,2024,9,September,3,38,4,2024-09-01
3BFEIAJ2YC,4467745196,7324332547,2024-06-20,460,99223,A16.5,293,285,Self-Pay,Paid,Authorization not obtained,Yes,Denied,Paid,175,8,0.6369565217391304,0.6195652173913043,0.9726962457337884,0,0,0,1,0,0,0,1,0,0,0,1,0,2024,6,June,2,25,4,2024-06-01
5IKJGLKO4P,9760748135,4887462294,2024-08-29,194,99238,A16.8,165,156,Medicare,Under Review,Authorization not obtained,Yes,Open,Paid,38,9,0.8505154639175257,0.8041237113402062,0.9454545454545454,0,0,0,1,1,0,1,0,0,0,0,0,0,2024,8,August,3,35,4,2024-08-01
440AG9C99B,8946360601,9796811637,2024-05-10,365,99222,A04.6,250,247,Self-Pay,Denied,Duplicate claim,No,Closed,Denied,118,3,0.684931506849315,0.6767123287671233,0.988,1,1,1,0,0,0,0,0,0,0,1,0,0,2024,5,May,2,19,5,2024-05-01
MGOUBYCPFB,6157503898,2527697483,2024-09-12,221,99223,A01.1,191,171,Medicare,Paid,Missing documentation,Yes,Partially Paid,Paid,50,20,0.8642533936651584,0.7737556561085973,0.8952879581151832,0,0,0,1,1,0,0,0,0,0,0,1,0,2024,9,September,3,37,4,2024-09-01
DZHPKOJON3,6005812748,1482171833,2024-05-31,200,99222,A15.9,133,119,Self-Pay,Denied,Pre-existing condition,Yes,Pending,Paid,81,14,0.665,0.595,0.8947368421052632,1,0,1,1,1,1,0,0,0,0,1,0,0,2024,5,May,2,22,5,2024-05-01
B07E0WBIBB,3606916645,1926087270,2024-09-02,268,99214,A01.4,201,169,Commercial,Under Review,Patient eligibility issues,No,Closed,Paid,99,32,0.75,0.6305970149253731,0.8407960199004975,0,0,0,0,0,0,1,1,0,0,0,0,0,2024,9,September,3,36,1,2024-09-01
HCNJAJGT4Z,8157949215,2094235196,2024-09-05,407,99232,A06.0,249,218,Commercial,Denied,Patient eligibility issues,Yes,Pending,Denied,189,31,0.6117936117936118,0.5356265356265356,0.8755020080321285,1,1,1,1,1,0,0,0,0,0,1,0,0,2024,9,September,3,36,4,2024-09-01
L2BRJBC13T,7505564369,5419205865,2024-08-26,226,99223,A08.2,187,161,Self-Pay,Denied,Pre-existing condition,Yes,Open,Denied,65,26,0.827433628318584,0.7123893805309734,0.8609625668449198,1,1,1,1,1,0,0,0,0,0,1,0,0,2024,8,August,3,35,1,2024-08-01
6LE49QIXCT,7067651979,2449550735,2024-05-02,224,99238,A01.0,158,127,Medicaid,Paid,Missing documentation,No,Denied,Partially Paid,97,31,0.7053571428571429,0.5669642857142857,0.8037974683544303,0,0,0,0,0,0,0,1,0,0,0,1,0,2024,5,May,2,18,4,2024-05-01
PUKOSNJ35K,3589830297,2564297802,2024-09-17,336,99223,A16.1,271,228,Medicare,Paid,Duplicate claim,No,Partially Paid,Partially Paid,108,43,0.8065476190476191,0.6785714285714286,0.8413284132841329,0,0,0,0,1,0,0,0,0,0,0,1,0,2024,9,September,3,38,2,2024-09-01
CNBBUT8T5I,6906960537,8162680768,2024-09-15,206,99233,A18.2,165,162,Commercial,Paid,Incorrect billing information,No,Pending,Partially Paid,44,3,0.8009708737864077,0.7864077669902912,0.9818181818181818,0,0,0,0,1,0,0,0,0,0,0,1,0,2024,9,September,3,37,7,2024-09-01
L797FD0SNP,8167248958,5110005106,2024-08-23,315,99223,A06.1,193,165,Medicaid,Denied,Missing documentation,No,Pending,Paid,150,28,0.6126984126984127,0.5238095238095238,0.8549222797927462,1,0,1,0,1,1,0,0,0,0,1,0,0,2024,8,August,3,34,5,2024-08-01
E5PKD04BUK,3823473810,1742491080,2024-07-24,118,99238,A08.3,85,77,Self-Pay,Denied,Duplicate claim,Yes,On Hold,Paid,41,8,0.7203389830508474,0.652542372881356,0.9058823529411765,1,0,1,1,1,1,0,0,0,0,1,0,0,2024,7,July,3,30,3,2024-07-01
Z1Z2ZQ5U7U,1349303532,6901213080,2024-08-08,241,99223,A02.4,204,185,Commercial,Under Review,Missing documentation,Yes,Closed,Denied,56,19,0.8464730290456431,0.7676348547717843,0.9068627450980392,0,1,1,1,0,0,0,1,0,0,0,0,0,2024,8,August,3,32,4,2024-08-01
NO6GY7VPNW,3898126236,7755790536,2024-07-11,411,99231,A01.9,366,363,Medicare,Under Review,Service not covered,No,Closed,Partially Paid,48,3,0.8905109489051095,0.8832116788321168,0.9918032786885246,0,0,0,0,0,0,1,1,0,0,0,0,0,2024,7,July,3,28,4,2024-07-01
OYBVBAKDX5,4846562775,6674193644,2024-08-11,493,99223,A04.9,381,306,Medicare,Paid,Pre-existing condition,No,Open,Partially Paid,187,75,0.7728194726166329,0.6206896551724138,0.8031496062992126,0,0,0,0,1,0,0,0,0,0,0,1,0,2024,8,August,3,32,7,2024-08-01
EPKY9B3VTO,7918210703,3243112441,2024-05-16,398,99214,A04.4,280,242,Medicare,Denied,Missing documentation,Yes,Partially Paid,Paid,156,38,0.7035175879396985,0.6080402010050251,0.8642857142857143,1,0,1,1,1,1,0,1,0,0,1,0,0,2024,5,May,2,20,4,2024-05-01
86F69M8L9E,5216866341,5837656993,2024-09-09,435,99231,A03.9,380,361,Commercial,Denied,Service not covered,Yes,Open,Paid,74,19,0.8735632183908046,0.8298850574712644,0.95,1,0,1,1,1,1,0,0,0,0,1,0,0,2024,9,September,3,37,1,2024-09-01
3K0AR4BPGW,7186219377,4447680862,2024-08-04,254,99213,A16.8,183,172,Medicare,Under Review,Service not covered,No,Pending,Denied,82,11,0.7204724409448819,0.6771653543307087,0.9398907103825137,0,1,1,0,1,0,0,0,0,0,0,0,0,2024,8,August,3,31,7,2024-08-01
R9SM4IHK8Q,2683715675,5962399528,2024-06-25,481,99214,A05.8,350,349,Self-Pay,Paid,Patient eligibility issues,No,Partially Paid,Partially Paid,132,1,0.7276507276507277,0.7255717255717256,0.9971428571428571,0,0,0,0,1,0,0,0,0,0,0,1,0,2024,6,June,2,26,2,2024-06-01
PABV6OLKMQ,0921406073,0337136021,2024-07-10,172,99232,A04.0,118,96,Medicaid,Under Review,Pre-existing condition,No,Partially Paid,Paid,76,22,0.686046511627907,0.5581395348837209,0.8135593220338984,0,0,0,0,1,0,1,0,0,0,0,0,0,2024,7,July,3,28,3,2024-07-01
4IZXBHQOON,3805847847,1584279865,2024-07-30,358,99214,A06.2,245,236,Self-Pay,Paid,Service not covered,No,On Hold,Paid,122,9,0.6843575418994413,0.659217877094972,0.963265306122449,0,0,0,0,1,0,0,0,0,0,0,1,0,2024,7,July,3,31,2,2024-07-01
6BJE3LNSJQ,4572538149,7219235174,2024-08-31,104,99221,A16.9,68,64,Medicare,Under Review,Duplicate claim,Yes,Partially Paid,Denied,40,4,0.6538461538461539,0.6153846153846154,0.9411764705882353,0,1,1,1,1,0,0,0,0,0,0,0,0,2024,8,August,3,35,6,2024-08-01
BGG466BHSJ,2863491959,6354787758,2024-08-18,256,99213,A17.1,164,132,Medicaid,Under Review,Missing documentation,No,Denied,Paid,124,32,0.640625,0.515625,0.8048780487804879,0,0,0,0,0,0,1,0,0,0,0,0,0,2024,8,August,3,33,7,2024-08-01
4B1AHMG221,6266713415,9070895892,2024-07-23,434,99215,A06.4,356,352,Commercial,Under Review,Incorrect billing information,Yes,Denied,Partially Paid,82,4,0.8202764976958525,0.8110599078341014,0.9887640449438202,0,0,0,1,0,0,1,0,0,0,0,0,0,2024,7,July,3,30,2,2024-07-01
UMVJDSVJR8,6077384529,7465288519,2024-05-09,187,99221,A03.0,135,123,Commercial,Denied,Service not covered,Yes,Closed,Denied,64,12,0.7219251336898396,0.6577540106951871,0.9111111111111111,1,1,1,1,0,0,0,0,0,0,1,0,0,2024,5,May,2,19,4,2024-05-01
TDOMP7GJ2J,1082035342,6177072666,2024-06-11,294,99232,A18.7,230,209,Medicaid,Under Review,Pre-existing condition,Yes,On Hold,Partially Paid,85,21,0.782312925170068,0.7108843537414966,0.908695652173913,0,0,0,1,1,0,1,0,0,0,0,0,0,2024,6,June,2,24,2,2024-06-01
YLF0TRZ099,7200068424,6822986567,2024-07-21,415,99233,A17.8,349,315,Medicare,Paid,Patient eligibility issues,Yes,Closed,Paid,100,34,0.8409638554216867,0.7590361445783133,0.9025787965616046,0,0,0,1,0,0,0,0,0,0,0,1,0,2024,7,July,3,29,7,2024-07-01
EFCJAMQ3AG,8200657139,3173754229,2024-06-01,440,99231,A15.1,339,323,Medicaid,Denied,Missing documentation,No,Closed,Paid,117,16,0.7704545454545455,0.7340909090909091,0.9528023598820059,1,0,1,0,0,1,0,0,0,0,1,0,0,2024,6,June,2,22,6,2024-06-01
NFWA7XAG06,1870104129,5078508507,2024-06-25,122,99231,A03.2,102,87,Commercial,Under Review,Authorization not obtained,Yes,On Hold,Partially Paid,35,15,0.8360655737704918,0.7131147540983607,0.8529411764705882,0,0,0,1,1,0,1,0,0,0,0,0,0,2024,6,June,2,26,2,2024-06-01
M9H3WABYHK,2506623275,8185185880,2024-07-18,360,99238,A08.9,232,193,Commercial,Under Review,Lack of medical necessity,No,Pending,Paid,167,39,0.6444444444444445,0.5361111111111111,0.8318965517241379,0,0,0,0,1,0,1,0,0,0,0,0,0,2024,7,July,3,29,4,2024-07-01
4VAB8I0DM3,3388958817,1611221492,2024-07-21,373,99223,A19.1,250,213,Self-Pay,Under Review,Patient eligibility issues,No,Pending,Paid,160,37,0.6702412868632708,0.5710455764075067,0.852,0,0,0,0,1,0,1,0,0,0,0,0,0,2024,7,July,3,29,7,2024-07-01
VQSZIK4R0J,1765123228,6637239293,2024-09-05,301,99213,A06.7,260,220,Medicaid,Paid,Incorrect billing information,No,Closed,Denied,81,40,0.8637873754152824,0.7308970099667774,0.8461538461538461,0,1,1,0,0,1,0,0,0,0,0,1,0,2024,9,September,3,36,4,2024-09-01
5BJDCTPIVV,6008848858,6457551131,2024-06-28,448,99215,A07.2,348,298,Medicare,Denied,Incorrect billing information,No,Pending,Partially Paid,150,50,0.7767857142857143,0.6651785714285714,0.8563218390804598,1,0,1,0,1,1,0,0,0,0,1,0,0,2024,6,June,2,26,5,2024-06-01
0AQ1RKI4OP,8410571076,2010629410,2024-07-11,376,99238,A05.2,321,277,Medicaid,Under Review,Authorization not obtained,Yes,On Hold,Paid,99,44,0.8537234042553191,0.7367021276595744,0.8629283489096573,0,0,0,1,1,0,1,0,0,0,0,0,0,2024,7,July,3,28,4,2024-07-01
P07CCRFHNU,0957908557,0878664521,2024-05-09,349,99238,A05.1,296,238,Self-Pay,Under Review,Pre-existing condition,No,Pending,Denied,111,58,0.8481375358166189,0.6819484240687679,0.8040540540540541,0,1,1,0,1,0,0,0,0,0,0,0,0,2024,5,May,2,19,4,2024-05-01
5028WAS3S1,0742111934,9384916265,2024-06-02,347,99214,A01.5,247,212,Self-Pay,Under Review,Lack of medical necessity,No,Partially Paid,Denied,135,35,0.7118155619596542,0.6109510086455331,0.8582995951417004,0,1,1,0,1,0,0,0,0,0,0,0,0,2024,6,June,2,22,7,2024-06-01
BGZ9T7Q7PY,2009422434,6341199257,2024-09-17,424,99221,A04.4,365,333,Medicaid,Denied,Lack of medical necessity,Yes,Partially Paid,Denied,91,32,0.8608490566037735,0.785377358490566,0.9123287671232877,1,1,1,1,1,0,0,1,0,0,1,0,0,2024,9,September,3,38,2,2024-09-01
EXPGTAOD8T,1928016135,4350746353,2024-06-29,290,99213,A02.0,255,238,Self-Pay,Under Review,Lack of medical necessity,No,Open,Paid,52,17,0.8793103448275862,0.8206896551724138,0.9333333333333333,0,0,0,0,1,0,1,0,0,0,0,0,0,2024,6,June,2,26,6,2024-06-01
HGF6SVZ8XH,4295577634,3293176644,2024-07-16,283,99214,A05.1,247,214,Commercial,Paid,Duplicate claim,Yes,Partially Paid,Denied,69,33,0.872791519434629,0.7561837455830389,0.8663967611336032,0,1,1,1,1,1,0,0,0,0,0,1,0,2024,7,July,3,29,2,2024-07-01
IUZ0VOYKNH,1148268048,6724619623,2024-05-02,374,99213,A16.3,257,237,Commercial,Paid,Incorrect billing information,No,Partially Paid,Denied,137,20,0.6871657754010695,0.6336898395721925,0.9221789883268483,0,1,1,0,1,1,0,0,0,0,0,1,0,2024,5,May,2,18,4,2024-05-01
JEKNLS2R5J,9357330180,0080831124,2024-08-11,241,99233,A16.4,187,186,Medicaid,Paid,Incorrect billing information,Yes,On Hold,Paid,55,1,0.7759336099585062,0.7717842323651453,0.9946524064171123,0,0,0,1,1,0,0,0,0,0,0,1,0,2024,8,August,3,32,7,2024-08-01
SS16360ERW,6236795610,9216323527,2024-08-08,343,99222,A03.1,228,211,Commercial,Paid,Lack of medical necessity,Yes,Denied,Paid,132,17,0.6647230320699709,0.6151603498542274,0.9254385964912281,0,0,0,1,0,0,0,1,0,0,0,1,0,2024,8,August,3,32,4,2024-08-01
2M24IKVGJJ,2079553648,0412606650,2024-05-12,255,99238,A16.9,169,155,Medicaid,Denied,Duplicate claim,Yes,Closed,Denied,100,14,0.6627450980392157,0.6078431372549019,0.9171597633136095,1,1,1,1,0,0,0,0,0,0,1,0,0,2024,5,May,2,19,7,2024-05-01
VY8HSZ3J87,3015521505,7948989924,2024-07-21,389,99221,A06.8,273,261,Commercial,Paid,Patient eligibility issues,No,Open,Paid,128,12,0.7017994858611826,0.6709511568123393,0.9560439560439561,0,0,0,0,1,0,0,0,0,0,0,1,0,2024,7,July,3,29,7,2024-07-01
1BDJ66Q452,6254400846,1746472358,2024-06-23,487,99213,A05.8,384,334,Commercial,Denied,Incorrect billing information,Yes,On Hold,Denied,153,50,0.7885010266940452,0.6858316221765913,0.8697916666666666,1,1,1,1,1,0,0,0,0,0,1,0,0,2024,6,June,2,25,7,2024-06-01
QU9DY8FFQL,9018959331,7861561120,2024-07-04,224,99238,A07.2,142,136,Medicare,Denied,Incorrect billing information,Yes,On Hold,Partially Paid,88,6,0.6339285714285714,0.6071428571428571,0.9577464788732394,1,0,1,1,1,1,0,0,0,0,1,0,0,2024,7,July,3,27,4,2024-07-01
XYWYHSG74M,5329944100,6137557422,2024-08-28,249,99238,A02.8,208,186,Commercial,Denied,Duplicate claim,Yes,Open,Partially Paid,63,22,0.8353413654618473,0.7469879518072289,0.8942307692307693,1,0,1,1,1,1,0,0,0,0,1,0,0,2024,8,August,3,35,3,2024-08-01
B1G7R21MY5,2660917644,0500598554,2024-06-08,407,99233,A01.3,246,232,Self-Pay,Paid,Lack of medical necessity,No,Partially Paid,Paid,175,14,0.6044226044226044,0.5700245700245701,0.943089430894309,0,0,0,0,1,0,0,0,0,0,0,1,0,2024,6,June,2,23,6,2024-06-01
L6XHKZMRHX,8536894263,1370368611,2024-06-08,124,99223,A19.1,102,92,Self-Pay,Under Review,Missing documentation,No,Pending,Paid,32,10,0.8225806451612904,0.7419354838709677,0.9019607843137255,0,0,0,0,1,0,1,0,0,0,0,0,0,2024,6,June,2,23,6,2024-06-01
585SJ9K52L,8107812120,3001911407,2024-05-08,130,99231,A01.1,117,110,Medicare,Denied,Authorization not obtained,Yes,Partially Paid,Paid,20,7,0.9,0.8461538461538461,0.9401709401709402,1,0,1,1,1,1,0,1,0,0,1,0,0,2024,5,May,2,19,3,2024-05-01
TBB3T8EH51,3535066461,9846218210,2024-05-28,387,99231,A05.4,303,282,Medicare,Under Review,Incorrect billing information,No,Partially Paid,Denied,105,21,0.7829457364341085,0.7286821705426356,0.9306930693069307,0,1,1,0,1,0,0,0,0,0,0,0,0,2024,5,May,2,22,2,2024-05-01
IV5DPIAVYI,7487682932,9586925444,2024-08-03,254,99231,A17.9,193,187,Commercial,Paid,Incorrect billing information,Yes,Denied,Denied,67,6,0.7598425196850394,0.7362204724409449,0.9689119170984456,0,1,1,1,0,1,0,1,0,0,0,1,0,2024,8,August,3,31,6,2024-08-01
TWUIVJOJPP,0736662681,0809572228,2024-08-25,432,99233,A16.0,282,282,Medicaid,Paid,Authorization not obtained,No,Partially Paid,Paid,150,0,0.6527777777777778,0.6527777777777778,1.0,0,0,0,0,1,0,0,0,0,0,0,0,0,2024,8,August,3,34,7,2024-08-01
KM8H5QNMZF,4719218645,4174283132,2024-05-17,473,99238,A06.4,315,297,Self-Pay,Denied,Incorrect billing information,No,Closed,Partially Paid,176,18,0.6659619450317125,0.627906976744186,0.9428571428571428,1,0,1,0,0,1,0,0,0,0,1,0,0,2024,5,May,2,20,5,2024-05-01
HJES7YGQ7B,5812341342,1688804423,2024-07-10,183,99215,A01.0,138,133,Medicaid,Denied,Missing documentation,No,Denied,Denied,50,5,0.7540983606557377,0.726775956284153,0.9637681159420289,1,1,1,0,0,0,0,0,0,0,1,0,0,2024,7,July,3,28,3,2024-07-01
V6SVI279AR,1018641925,5855204902,2024-08-03,372,99231,A06.0,299,266,Commercial,Paid,Incorrect billing information,Yes,On Hold,Denied,106,33,0.803763440860215,0.7150537634408602,0.8896321070234113,0,1,1,1,1,1,0,0,0,0,0,1,0,2024,8,August,3,31,6,2024-08-01
GOGVQ1FIU9,2874281664,1032207781,2024-06-04,184,99221,A07.1,158,155,Self-Pay,Paid,Missing documentation,No,Partially Paid,Paid,29,3,0.8586956521739131,0.842391304347826,0.9810126582278481,0,0,0,0,1,0,0,0,0,0,0,1,0,2024,6,June,2,23,2,2024-06-01
H8VCBURZWO,7097384369,1732416693,2024-05-29,271,99222,A04.8,190,175,Self-Pay,Denied,Authorization not obtained,Yes,Partially Paid,Partially Paid,96,15,0.7011070110701108,0.6457564575645757,0.9210526315789473,1,0,1,1,1,1,0,1,0,0,1,0,0,2024,5,May,2,22,3,2024-05-01
K95BNWSARB,2770401053,8510122204,2024-06-18,270,99223,A04.6,201,174,Self-Pay,Denied,Pre-existing condition,Yes,Open,Paid,96,27,0.7444444444444445,0.6444444444444445,0.8656716417910447,1,0,1,1,1,1,0,0,0,0,1,0,0,2024,6,June,2,25,2,2024-06-01
1PS63SZRP0,6996555508,1455603496,2024-09-20,117,99238,A18.2,74,61,Medicare,Under Review,Pre-existing condition,No,Closed,Paid,56,13,0.6324786324786325,0.5213675213675214,0.8243243243243243,0,0,0,0,0,0,1,1,0,0,0,0,0,2024,9,September,3,38,5,2024-09-01
CK8YU15KBX,0890210394,4019314707,2024-08-19,422,99213,A01.0,292,278,Self-Pay,Paid,Service not covered,No,Pending,Denied,144,14,0.6919431279620853,0.6587677725118484,0.952054794520548,0,1,1,0,1,1,0,0,0,0,0,1,0,2024,8,August,3,34,1,2024-08-01
B9S8MF5KB4,2776830875,1053675238,2024-05-30,131,99221,A18.7,105,95,Medicaid,Under Review,Authorization not obtained,No,Open,Denied,36,10,0.8015267175572519,0.7251908396946565,0.9047619047619048,0,1,1,0,1,0,0,0,0,0,0,0,0,2024,5,May,2,22,4,2024-05-01
G3BUR8IZXD,2054818198,3070702239,2024-08-10,233,99214,A06.0,174,160,Self-Pay,Paid,Duplicate claim,Yes,Denied,Denied,73,14,0.7467811158798283,0.6866952789699571,0.9195402298850575,0,1,1,1,0,1,0,1,0,0,0,1,0,2024,8,August,3,32,6,2024-08-01
X6QGCE5S71,7461166768,0746166052,2024-08-28,133,99233,A02.0,114,113,Self-Pay,Denied,Pre-existing condition,No,On Hold,Denied,20,1,0.8571428571428571,0.849624060150376,0.9912280701754386,1,1,1,0,1,0,0,0,0,0,1,0,0,2024,8,August,3,35,3,2024-08-01
EC3CBF0A85,0251596075,4256135804,2024-07-26,297,99214,A07.1,216,203,Commercial,Denied,Lack of medical necessity,Yes,Partially Paid,Paid,94,13,0.7272727272727273,0.6835016835016835,0.9398148148148148,1,0,1,1,1,1,0,1,0,0,1,0,0,2024,7,July,3,30,5,2024-07-01
HRS9X0U3RP,0814323323,0548964289,2024-06-10,342,99223,A03.1,210,180,Medicare,Denied,Patient eligibility issues,Yes,On Hold,Paid,162,30,0.6140350877192983,0.5263157894736842,0.8571428571428571,1,0,1,1,1,1,0,0,0,0,1,0,0,2024,6,June,2,24,1,2024-06-01
T30CYF9HYC,2653459517,8280092326,2024-08-10,442,99232,A19.1,342,330,Medicaid,Under Review,Duplicate claim,No,Denied,Paid,112,12,0.7737556561085973,0.746606334841629,0.9649122807017544,0,0,0,0,0,0,1,0,0,0,0,0,0,2024,8,August,3,32,6,2024-08-01
68CRU97135,8308706663,2020812653,2024-06-07,400,99221,A03.8,245,201,Self-Pay,Paid,Duplicate claim,No,Closed,Denied,199,44,0.6125,0.5025,0.8204081632653061,0,1,1,0,0,1,0,0,0,0,0,1,0,2024,6,June,2,23,5,2024-06-01
TFPW9XYEUW,7891665959,0531953356,2024-08-20,399,99233,A01.5,346,320,Medicaid,Paid,Lack of medical necessity,Yes,On Hold,Denied,79,26,0.8671679197994987,0.8020050125313283,0.9248554913294798,0,1,1,1,1,1,0,0,0,0,0,1,0,2024,8,August,3,34,2,2024-08-01
WWY9YQYOR5,0801815815,1645428235,2024-07-20,217,99214,A17.1,147,142,Medicare,Under Review,Authorization not obtained,Yes,On Hold,Paid,75,5,0.6774193548387096,0.6543778801843319,0.9659863945578231,0,0,0,1,1,0,1,0,0,0,0,0,0,2024,7,July,3,29,6,2024-07-01
HZUOM3LF4T,4026823775,4687779032,2024-05-07,463,99214,A19.8,386,353,Medicare,Under Review,Pre-existing condition,Yes,On Hold,Denied,110,33,0.8336933045356372,0.7624190064794817,0.9145077720207254,0,1,1,1,1,0,0,0,0,0,0,0,0,2024,5,May,2,19,2,2024-05-01
HY0R1T7JO0,5126935539,6341148941,2024-08-12,222,99221,A01.5,170,162,Medicare,Under Review,Pre-existing condition,No,Pending,Denied,60,8,0.7657657657657657,0.7297297297297297,0.9529411764705882,0,1,1,0,1,0,0,0,0,0,0,0,0,2024,8,August,3,33,1,2024-08-01
HDHWAID8ZV,9638695179,6774835174,2024-07-13,398,99214,A03.9,265,227,Medicare,Denied,Lack of medical necessity,Yes,Partially Paid,Paid,171,38,0.6658291457286433,0.5703517587939698,0.8566037735849057,1,0,1,1,1,1,0,1,0,0,1,0,0,2024,7,July,3,28,6,2024-07-01
AI9ZGV3O5W,0413635615,0392140271,2024-06-01,178,99221,A18.6,110,94,Commercial,Denied,Authorization not obtained,No,Partially Paid,Paid,84,16,0.6179775280898876,0.5280898876404494,0.8545454545454545,1,0,1,0,1,1,0,1,0,0,1,0,0,2024,6,June,2,22,6,2024-06-01
A25OXEV0JO,9122941551,8439672012,2024-07-09,269,99231,A07.9,186,154,Commercial,Under Review,Incorrect billing information,No,Open,Paid,115,32,0.6914498141263941,0.5724907063197026,0.8279569892473119,0,0,0,0,1,0,1,0,0,0,0,0,0,2024,7,July,3,28,2,2024-07-01
6ZCYVNN8OD,3218121555,7197023128,2024-08-20,215,99231,A16.4,161,160,Self-Pay,Denied,Lack of medical necessity,Yes,Partially Paid,Denied,55,1,0.7488372093023256,0.7441860465116279,0.9937888198757764,1,1,1,1,1,0,0,1,0,0,1,0,0,2024,8,August,3,34,2,2024-08-01
RNZRP67BH9,7613443763,2526154055,2024-05-02,250,99232,A06.5,171,141,Commercial,Under Review,Patient eligibility issues,Yes,Pending,Paid,109,30,0.684,0.564,0.8245614035087719,0,0,0,1,1,0,1,0,0,0,0,0,0,2024,5,May,2,18,4,2024-05-01
09YQMXRO6E,6587006327,1501023913,2024-07-17,366,99231,A19.9,299,274,Self-Pay,Denied,Service not covered,Yes,Partially Paid,Partially Paid,92,25,0.8169398907103825,0.7486338797814208,0.9163879598662207,1,0,1,1,1,1,0,1,0,0,1,0,0,2024,7,July,3,29,3,2024-07-01
6A59DETALK,3314515545,4414052055,2024-06-02,294,99223,A01.6,252,249,Medicaid,Denied,Duplicate claim,No,Denied,Denied,45,3,0.8571428571428571,0.8469387755102041,0.9880952380952381,1,1,1,0,0,0,0,0,0,0,1,0,0,2024,6,June,2,22,7,2024-06-01
41NJ11CAZ5,2216245486,0478428518,2024-09-15,201,99223,A18.5,166,148,Commercial,Paid,Incorrect billing information,Yes,Partially Paid,Paid,53,18,0.8258706467661692,0.736318407960199,0.891566265060241,0,0,0,1,1,0,0,0,0,0,0,1,0,2024,9,September,3,37,7,2024-09-01
ERMK3M2VY1,6366795476,2917700385,2024-08-12,311,99223,A02.1,201,170,Medicaid,Under Review,Authorization not obtained,No,Pending,Paid,141,31,0.6463022508038585,0.5466237942122186,0.845771144278607,0,0,0,0,1,0,1,0,0,0,0,0,0,2024,8,August,3,33,1,2024-08-01
XCEM92G6KD,2727134506,6226018283,2024-07-13,323,99222,A01.5,243,209,Medicare,Under Review,Lack of medical necessity,Yes,Partially Paid,Denied,114,34,0.7523219814241486,0.6470588235294118,0.8600823045267489,0,1,1,1,1,0,0,0,0,0,0,0,0,2024,7,July,3,28,6,2024-07-01
IDINVUDJGV,5145102885,0413266303,2024-07-30,212,99233,A01.2,143,122,Medicaid,Under Review,Authorization not obtained,No,Denied,Partially Paid,90,21,0.6745283018867925,0.5754716981132075,0.8531468531468531,0,0,0,0,0,0,1,0,0,0,0,0,0,2024,7,July,3,31,2,2024-07-01
XVK5C66UU1,4433835643,2610167909,2024-05-04,117,99214,A18.8,92,80,Self-Pay,Paid,Pre-existing condition,Yes,Denied,Paid,37,12,0.7863247863247863,0.6837606837606838,0.8695652173913043,0,0,0,1,0,0,0,1,0,0,0,1,0,2024,5,May,2,18,6,2024-05-01
2MNJ971AQC,9950651113,7845937520,2024-07-22,212,99213,A17.9,183,149,Medicaid,Paid,Service not covered,Yes,Partially Paid,Paid,63,34,0.8632075471698113,0.7028301886792453,0.8142076502732241,0,0,0,1,1,0,0,0,0,0,0,1,0,2024,7,July,3,30,1,2024-07-01
LUGLSEXRHH,5771514089,5493920757,2024-07-24,285,99222,A16.8,233,210,Self-Pay,Denied,Missing documentation,No,Pending,Paid,75,23,0.8175438596491228,0.7368421052631579,0.9012875536480687,1,0,1,0,1,1,0,0,0,0,1,0,0,2024,7,July,3,30,3,2024-07-01
VSZXB4RKBB,6610129623,3715469538,2024-07-29,462,99213,A08.5,349,290,Medicare,Under Review,Missing documentation,No,Closed,Paid,172,59,0.7554112554112554,0.6277056277056277,0.830945558739255,0,0,0,0,0,0,1,1,0,0,0,0,0,2024,7,July,3,31,1,2024-07-01
4LBC66TAM4,8927277378,3009043882,2024-05-07,115,99221,A19.0,91,86,Medicare,Denied,Incorrect billing information,Yes,Open,Denied,29,5,0.7913043478260869,0.7478260869565218,0.945054945054945,1,1,1,1,1,0,0,0,0,0,1,0,0,2024,5,May,2,19,2,2024-05-01
VW7UAO4ZXG,5067774157,9543358992,2024-07-19,302,99213,A08.9,211,202,Medicare,Under Review,Authorization not obtained,No,Pending,Paid,100,9,0.6986754966887417,0.6688741721854304,0.957345971563981,0,0,0,0,1,0,1,0,0,0,0,0,0,2024,7,July,3,29,5,2024-07-01
7N4H8QXWN2,5707574538,3804574549,2024-08-10,278,99233,A04.7,222,185,Medicare,Paid,Authorization not obtained,No,Open,Paid,93,37,0.7985611510791367,0.6654676258992805,0.8333333333333334,0,0,0,0,1,0,0,0,0,0,0,1,0,2024,8,August,3,32,6,2024-08-01
K5QT9NFGOE,5938896066,3307221571,2024-05-04,284,99213,A18.0,201,196,Medicaid,Denied,Duplicate claim,Yes,On Hold,Partially Paid,88,5,0.7077464788732394,0.6901408450704225,0.9751243781094527,1,0,1,1,1,1,0,0,0,0,1,0,0,2024,5,May,2,18,6,2024-05-01
YKWF983LVJ,7625993237,2693287859,2024-07-31,283,99231,A08.1,239,195,Commercial,Under Review,Patient eligibility issues,No,Denied,Paid,88,44,0.8445229681978799,0.6890459363957597,0.8158995815899581,0,0,0,0,0,0,1,0,0,0,0,0,0,2024,7,July,3,31,3,2024-07-01
6VZSRX1QIG,3387715450,9547429282,2024-06-07,148,99221,A05.6,106,91,Self-Pay,Paid,Authorization not obtained,No,Pending,Partially Paid,57,15,0.7162162162162162,0.6148648648648649,0.8584905660377359,0,0,0,0,1,0,0,0,0,0,0,1,0,2024,6,June,2,23,5,2024-06-01
8W8IUAKOHP,9986426461,8461022469,2024-08-13,247,99221,A18.9,168,150,Medicare,Under Review,Lack of medical necessity,No,On Hold,Denied,97,18,0.680161943319838,0.6072874493927125,0.8928571428571429,0,1,1,0,1,0,0,0,0,0,0,0,0,2024,8,August,3,33,2,2024-08-01
SZMCXTGOR6,0495170155,8697678811,2024-09-11,346,99213,A08.3,290,254,Commercial,Under Review,Authorization not obtained,Yes,Denied,Partially Paid,92,36,0.838150289017341,0.7341040462427746,0.8758620689655172,0,0,0,1,0,0,1,0,0,0,0,0,0,2024,9,September,3,37,3,2024-09-01
T8AJ3PSB0G,4344500009,9671633814,2024-09-13,473,99238,A08.2,401,330,Self-Pay,Under Review,Missing documentation,Yes,Denied,Denied,143,71,0.8477801268498943,0.6976744186046512,0.8229426433915212,0,1,1,1,0,0,0,0,0,0,0,0,0,2024,9,September,3,37,5,2024-09-01
IWX04IUGDO,1494804036,3580071907,2024-08-16,244,99231,A06.9,197,177,Medicaid,Under Review,Patient eligibility issues,No,Partially Paid,Paid,67,20,0.8073770491803278,0.7254098360655737,0.8984771573604061,0,0,0,0,1,0,1,0,0,0,0,0,0,2024,8,August,3,33,5,2024-08-01
HWFS54VKEP,3334983044,2635881471,2024-07-14,286,99231,A02.3,176,175,Commercial,Denied,Pre-existing condition,No,Denied,Partially Paid,111,1,0.6153846153846154,0.6118881118881119,0.9943181818181818,1,0,1,0,0,1,0,0,0,0,1,0,0,2024,7,July,3,28,7,2024-07-01
8J9QLTOXN0,6457795017,6675714223,2024-05-23,392,99222,A19.9,341,334,Medicare,Paid,Pre-existing condition,Yes,Closed,Partially Paid,58,7,0.8698979591836735,0.8520408163265306,0.9794721407624634,0,0,0,1,0,0,0,0,0,0,0,1,0,2024,5,May,2,21,4,2024-05-01
9MT9VUTO0Q,8169947502,9546221430,2024-05-23,487,99223,A16.4,377,338,Commercial,Under Review,Incorrect billing information,Yes,Denied,Denied,149,39,0.7741273100616016,0.6940451745379876,0.896551724137931,0,1,1,1,0,0,0,0,0,0,0,0,0,2024,5,May,2,21,4,2024-05-01
QP0LH96DF9,9874774282,6338721263,2024-05-18,215,99223,A07.9,156,139,Self-Pay,Under Review,Patient eligibility issues,No,Partially Paid,Denied,76,17,0.7255813953488373,0.6465116279069767,0.8910256410256411,0,1,1,0,1,0,0,0,0,0,0,0,0,2024,5,May,2,20,6,2024-05-01
E3AUEQR4W7,0867389927,4718222677,2024-05-07,411,99214,A16.8,251,221,Self-Pay,Denied,Missing documentation,No,Open,Partially Paid,190,30,0.610705596107056,0.537712895377129,0.8804780876494024,1,0,1,0,1,1,0,0,0,0,1,0,0,2024,5,May,2,19,2,2024-05-01
18FCY3QXSL,6229354113,3069417949,2024-05-17,479,99231,A02.9,367,353,Self-Pay,Paid,Authorization not obtained,Yes,Partially Paid,Paid,126,14,0.7661795407098121,0.7369519832985386,0.9618528610354223,0,0,0,1,1,0,0,0,0,0,0,1,0,2024,5,May,2,20,5,2024-05-01
6H0WRQY9CU,6662517566,8725423727,2024-06-14,387,99238,A16.8,310,274,Medicaid,Paid,Service not covered,No,Partially Paid,Partially Paid,113,36,0.8010335917312662,0.7080103359173127,0.8838709677419355,0,0,0,0,1,0,0,0,0,0,0,1,0,2024,6,June,2,24,5,2024-06-01
1BRFVQUBRX,6094773848,9748845982,2024-08-01,359,99214,A08.4,243,223,Medicaid,Paid,Missing documentation,Yes,Partially Paid,Paid,136,20,0.6768802228412256,0.6211699164345403,0.9176954732510288,0,0,0,1,1,0,0,0,0,0,0,1,0,2024,8,August,3,31,4,2024-08-01
IT63EE5CMJ,1653126830,9620728728,2024-05-22,284,99213,A15.9,202,168,Medicaid,Denied,Duplicate claim,No,Pending,Partially Paid,116,34,0.7112676056338029,0.5915492957746479,0.8316831683168316,1,0,1,0,1,1,0,0,0,0,1,0,0,2024,5,May,2,21,3,2024-05-01
49ECQLXTDA,4381850776,2435320511,2024-08-17,113,99233,A09.9,89,87,Medicare,Denied,Duplicate claim,No,Partially Paid,Denied,26,2,0.7876106194690266,0.7699115044247787,0.9775280898876404,1,1,1,0,1,0,0,1,0,0,1,0,0,2024,8,August,3,33,6,2024-08-01
6CE0BBF8CQ,1909558771,3504290891,2024-07-12,334,99215,A08.9,284,260,Commercial,Paid,Patient eligibility issues,No,Denied,Paid,74,24,0.8502994011976048,0.7784431137724551,0.9154929577464789,0,0,0,0,0,0,0,1,0,0,0,1,0,2024,7,July,3,28,5,2024-07-01
R7YZ5O4B4N,5752310883,2570622396,2024-07-31,161,99231,A03.0,136,113,Medicare,Under Review,Authorization not obtained,No,Pending,Paid,48,23,0.84472049689441,0.7018633540372671,0.8308823529411765,0,0,0,0,1,0,1,0,0,0,0,0,0,2024,7,July,3,31,3,2024-07-01
IEJA4FOYOI,8764543445,4481422046,2024-06-11,144,99233,A08.0,127,112,Self-Pay,Under Review,Missing documentation,No,Partially Paid,Partially Paid,32,15,0.8819444444444444,0.7777777777777778,0.8818897637795275,0,0,0,0,1,0,1,0,0,0,0,0,0,2024,6,June,2,24,2,2024-06-01
46W89UT7GW,3097665892,2156203825,2024-09-17,307,99221,A18.7,227,202,Self-Pay,Paid,Service not covered,Yes,Partially Paid,Denied,105,25,0.739413680781759,0.6579804560260586,0.8898678414096917,0,1,1,1,1,1,0,0,0,0,0,1,0,2024,9,September,3,38,2,2024-09-01
DP10O1MHPI,6746209655,8891698842,2024-08-07,285,99222,A03.2,192,162,Medicare,Under Review,Authorization not obtained,No,On Hold,Denied,123,30,0.6736842105263158,0.5684210526315789,0.84375,0,1,1,0,1,0,0,0,0,0,0,0,0,2024,8,August,3,32,3,2024-08-01
4GYGW44HX0,3388033058,9958358078,2024-05-11,332,99223,A04.2,277,245,Self-Pay,Paid,Incorrect billing information,Yes,Partially Paid,Denied,87,32,0.8343373493975904,0.7379518072289156,0.8844765342960289,0,1,1,1,1,1,0,0,0,0,0,1,0,2024,5,May,2,19,6,2024-05-01
M5OQVEKK69,6329752044,9602608431,2024-05-09,167,99215,A18.2,144,143,Commercial,Denied,Missing documentation,No,Pending,Paid,24,1,0.8622754491017964,0.8562874251497006,0.9930555555555556,1,0,1,0,1,1,0,0,0,0,1,0,0,2024,5,May,2,19,4,2024-05-01
XYLJG8GPJD,6676725754,8667299378,2024-06-16,404,99231,A05.9,319,263,Self-Pay,Denied,Missing documentation,No,On Hold,Partially Paid,141,56,0.7896039603960396,0.650990099009901,0.8244514106583072,1,0,1,0,1,1,0,0,0,0,1,0,0,2024,6,June,2,24,7,2024-06-01
5MJVJFSEK0,5193959660,8963202719,2024-05-10,336,99232,A16.2,263,230,Medicare,Under Review,Authorization not obtained,No,Open,Paid,106,33,0.7827380952380952,0.6845238095238095,0.8745247148288974,0,0,0,0,1,0,1,0,0,0,0,0,0,2024,5,May,2,19,5,2024-05-01
QXY8YO7IPK,4080127787,3750245866,2024-06-05,326,99221,A03.0,279,264,Medicaid,Under Review,Incorrect billing information,Yes,Open,Partially Paid,62,15,0.8558282208588958,0.8098159509202454,0.946236559139785,0,0,0,1,1,0,1,0,0,0,0,0,0,2024,6,June,2,23,3,2024-06-01
I0COEIQ712,1546641534,1931012006,2024-07-15,286,99213,A01.9,174,171,Commercial,Under Review,Authorization not obtained,No,Partially Paid,Paid,115,3,0.6083916083916084,0.5979020979020979,0.9827586206896551,0,0,0,0,1,0,1,0,0,0,0,0,0,2024,7,July,3,29,1,2024-07-01
3N6Q9230T3,5374145101,8028872659,2024-09-07,280,99223,A09.9,194,188,Self-Pay,Under Review,Pre-existing condition,Yes,Partially Paid,Paid,92,6,0.6928571428571428,0.6714285714285714,0.9690721649484536,0,0,0,1,1,0,1,0,0,0,0,0,0,2024,9,September,3,36,6,2024-09-01
B8G2Z3P19S,8845076373,1671136174,2024-05-03,445,99221,A04.5,372,305,Medicaid,Paid,Incorrect billing information,Yes,On Hold,Paid,140,67,0.8359550561797753,0.6853932584269663,0.8198924731182796,0,0,0,1,1,0,0,0,0,0,0,1,0,2024,5,May,2,18,5,2024-05-01
8J0ZS3KIBR,7764433145,4649607046,2024-06-11,169,99232,A16.1,126,107,Self-Pay,Denied,Duplicate claim,Yes,Partially Paid,Paid,62,19,0.7455621301775148,0.6331360946745562,0.8492063492063492,1,0,1,1,1,1,0,1,0,0,1,0,0,2024,6,June,2,24,2,2024-06-01
F6SHBARQ3Z,7980864512,3721756429,2024-06-28,184,99221,A18.4,147,122,Medicare,Paid,Authorization not obtained,Yes,Denied,Paid,62,25,0.7989130434782609,0.6630434782608695,0.8299319727891157,0,0,0,1,0,0,0,1,0,0,0,1,0,2024,6,June,2,26,5,2024-06-01
QB701VMD0V,7759270927,8611941725,2024-07-10,388,99231,A05.3,249,221,Medicaid,Paid,Pre-existing condition,No,Partially Paid,Denied,167,28,0.6417525773195877,0.5695876288659794,0.8875502008032129,0,1,1,0,1,1,0,0,0,0,0,1,0,2024,7,July,3,28,3,2024-07-01
GNEA2YZX7V,7851521611,8366349464,2024-08-24,476,99221,A18.7,400,383,Medicaid,Under Review,Missing documentation,No,Partially Paid,Denied,93,17,0.8403361344537815,0.8046218487394958,0.9575,0,1,1,0,1,0,0,0,0,0,0,0,0,2024,8,August,3,34,6,2024-08-01
MEI0899HP0,0452450834,6104869152,2024-07-13,281,99231,A08.4,177,152,Medicaid,Paid,Duplicate claim,Yes,Partially Paid,Paid,129,25,0.6298932384341637,0.5409252669039146,0.8587570621468926,0,0,0,1,1,0,0,0,0,0,0,1,0,2024,7,July,3,28,6,2024-07-01
HV6YJFPHS1,4509814818,7582121775,2024-08-19,498,99213,A01.5,308,305,Commercial,Denied,Patient eligibility issues,Yes,Partially Paid,Partially Paid,193,3,0.6184738955823293,0.6124497991967871,0.9902597402597403,1,0,1,1,1,1,0,1,0,0,1,0,0,2024,8,August,3,34,1,2024-08-01
I70YO0KX89,6180277718,3141924361,2024-06-22,406,99214,A07.0,294,235,Medicaid,Denied,Service not covered,Yes,On Hold,Paid,171,59,0.7241379310344828,0.5788177339901478,0.7993197278911565,1,0,1,1,1,1,0,0,0,0,1,0,0,2024,6,June,2,25,6,2024-06-01
SVHZ5N5L9U,8896804514,5905265146,2024-05-23,480,99238,A16.1,353,284,Medicare,Denied,Incorrect billing information,Yes,Closed,Denied,196,69,0.7354166666666667,0.5916666666666667,0.8045325779036827,1,1,1,1,0,0,0,0,0,0,1,0,0,2024,5,May,2,21,4,2024-05-01
KRG7YQLWBN,8240863264,5248542589,2024-07-31,455,99233,A03.3,348,338,Medicare,Denied,Service not covered,Yes,Open,Denied,117,10,0.7648351648351648,0.7428571428571429,0.9712643678160919,1,1,1,1,1,0,0,0,0,0,1,0,0,2024,7,July,3,31,3,2024-07-01
6T7T133G7D,1439605185,3000311504,2024-09-16,395,99215,A09.0,326,301,Medicare,Under Review,Lack of medical necessity,No,Denied,Paid,94,25,0.8253164556962025,0.7620253164556962,0.9233128834355828,0,0,0,0,0,0,1,0,0,0,0,0,0,2024,9,September,3,38,1,2024-09-01
NBANX0TOE2,8635789089,2381722100,2024-06-28,469,99238,A18.1,409,347,Commercial,Under Review,Duplicate claim,Yes,Closed,Paid,122,62,0.8720682302771855,0.7398720682302772,0.8484107579462102,0,0,0,1,0,0,1,1,0,0,0,0,0,2024,6,June,2,26,5,2024-06-01
L3ZDDFMPV3,6290196105,4581621497,2024-05-31,363,99232,A05.4,263,249,Medicaid,Paid,Duplicate claim,Yes,Closed,Denied,114,14,0.7245179063360881,0.6859504132231405,0.9467680608365019,0,1,1,1,0,1,0,0,0,0,0,1,0,2024,5,May,2,22,5,2024-05-01
OF1IZ9KE0U,5747845162,4902229116,2024-08-29,382,99215,A15.0,332,292,Commercial,Paid,Service not covered,No,Open,Denied,90,40,0.8691099476439791,0.7643979057591623,0.8795180722891566,0,1,1,0,1,1,0,0,0,0,0,1,0,2024,8,August,3,35,4,2024-08-01
N83QNF7PKZ,9763625200,0528779782,2024-05-19,379,99213,A17.8,287,269,Medicaid,Paid,Missing documentation,Yes,Open,Paid,110,18,0.7572559366754618,0.7097625329815304,0.9372822299651568,0,0,0,1,1,0,0,0,0,0,0,1,0,2024,5,May,2,20,7,2024-05-01
2WAHO1CP2T,0608795353,5885172108,2024-06-24,329,99214,A06.9,278,227,Medicare,Under Review,Authorization not obtained,No,Open,Denied,102,51,0.8449848024316109,0.6899696048632219,0.8165467625899281,0,1,1,0,1,0,0,0,0,0,0,0,0,2024,6,June,2,26,1,2024-06-01
MR1H4QC8D4,6849984579,1765819523,2024-08-25,416,99232,A05.4,293,281,Medicare,Denied,Pre-existing condition,No,Closed,Partially Paid,135,12,0.7043269230769231,0.6754807692307693,0.9590443686006825,1,0,1,0,0,1,0,0,0,0,1,0,0,2024,8,August,3,34,7,2024-08-01
8HMEE9PJR9,2659225502,8570871268,2024-08-23,301,99233,A08.8,268,248,Self-Pay,Paid,Patient eligibility issues,No,Pending,Denied,53,20,0.8903654485049833,0.8239202657807309,0.9253731343283582,0,1,1,0,1,1,0,0,0,0,0,1,0,2024,8,August,3,34,5,2024-08-01
FOPP5FC18T,9972934149,8462713189,2024-05-06,334,99215,A05.9,225,210,Commercial,Paid,Duplicate claim,No,Open,Denied,124,15,0.6736526946107785,0.6287425149700598,0.9333333333333333,0,1,1,0,1,1,0,0,0,0,0,1,0,2024,5,May,2,19,1,2024-05-01
A1C4LOOH00,1187236382,8197879394,2024-08-22,107,99231,A05.2,95,80,Self-Pay,Denied,Duplicate claim,Yes,On Hold,Partially Paid,27,15,0.8878504672897196,0.7476635514018691,0.8421052631578947,1,0,1,1,1,1,0,0,0,0,1,0,0,2024,8,August,3,34,4,2024-08-01
VXI14OAQE1,5875022334,3085760271,2024-07-02,204,99222,A03.2,148,126,Self-Pay,Paid,Authorization not obtained,Yes,Closed,Partially Paid,78,22,0.7254901960784313,0.6176470588235294,0.8513513513513513,0,0,0,1,0,0,0,0,0,0,0,1,0,2024,7,July,3,27,2,2024-07-01
J5IMF7CN9K,6815322488,7606025640,2024-05-03,271,99232,A04.4,231,218,Commercial,Denied,Patient eligibility issues,Yes,Pending,Denied,53,13,0.8523985239852399,0.8044280442804428,0.9437229437229437,1,1,1,1,1,0,0,0,0,0,1,0,0,2024,5,May,2,18,5,2024-05-01
ZXOBOP6L8H,6840073699,1821811106,2024-07-29,389,99233,A02.8,253,211,Medicare,Paid,Lack of medical necessity,No,Pending,Paid,178,42,0.6503856041131105,0.5424164524421594,0.83399209486166,0,0,0,0,1,0,0,0,0,0,0,1,0,2024,7,July,3,31,1,2024-07-01
PKT90UJDIT,4619260684,4792942047,2024-09-18,441,99233,A06.5,325,261,Medicaid,Denied,Lack of medical necessity,Yes,On Hold,Partially Paid,180,64,0.7369614512471655,0.5918367346938775,0.803076923076923,1,0,1,1,1,1,0,0,0,0,1,0,0,2024,9,September,3,38,3,2024-09-01
OE9GPP394G,5109370902,6408465352,2024-08-28,207,99233,A01.4,150,141,Commercial,Under Review,Service not covered,Yes,Partially Paid,Partially Paid,66,9,0.7246376811594203,0.6811594202898551,0.94,0,0,0,1,1,0,1,0,0,0,0,0,0,2024,8,August,3,35,3,2024-08-01
FL0J8P6V5C,7299770105,1515990361,2024-08-13,377,99221,A04.3,313,305,Commercial,Under Review,Lack of medical necessity,No,Open,Denied,72,8,0.830238726790451,0.8090185676392573,0.9744408945686901,0,1,1,0,1,0,0,0,0,0,0,0,0,2024,8,August,3,33,2,2024-08-01
AJSWRURY2W,7735616890,0593571600,2024-08-22,131,99231,A18.9,87,76,Commercial,Denied,Duplicate claim,No,Partially Paid,Denied,55,11,0.6641221374045801,0.5801526717557252,0.8735632183908046,1,1,1,0,1,0,0,1,0,0,1,0,0,2024,8,August,3,34,4,2024-08-01
QCXU5JFFML,4857852547,4151838566,2024-07-25,220,99233,A01.4,162,139,Medicare,Denied,Pre-existing condition,No,Open,Partially Paid,81,23,0.7363636363636363,0.6318181818181818,0.8580246913580247,1,0,1,0,1,1,0,0,0,0,1,0,0,2024,7,July,3,30,4,2024-07-01
QNXVUM7OEE,1658141735,3762580864,2024-06-12,149,99214,A04.6,129,114,Commercial,Paid,Patient eligibility issues,Yes,Pending,Paid,35,15,0.8657718120805369,0.7651006711409396,0.8837209302325582,0,0,0,1,1,0,0,0,0,0,0,1,0,2024,6,June,2,24,3,2024-06-01
ZCUAMKSOSG,1339199890,9447240700,2024-06-21,315,99222,A06.7,271,217,Self-Pay,Under Review,Duplicate claim,Yes,Open,Partially Paid,98,54,0.8603174603174604,0.6888888888888889,0.8007380073800738,0,0,0,1,1,0,1,0,0,0,0,0,0,2024,6,June,2,25,5,2024-06-01
I1XQI0NTHV,1538270661,1523020126,2024-08-22,288,99215,A08.0,244,205,Self-Pay,Denied,Pre-existing condition,Yes,Open,Paid,83,39,0.8472222222222222,0.7118055555555556,0.8401639344262295,1,0,1,1,1,1,0,0,0,0,1,0,0,2024,8,August,3,34,4,2024-08-01
8TKKLCD9PR,0574419588,8681656419,2024-06-21,484,99231,A03.8,304,294,Medicare,Denied,Duplicate claim,No,Denied,Denied,190,10,0.628099173553719,0.6074380165289256,0.9671052631578947,1,1,1,0,0,0,0,0,0,0,1,0,0,2024,6,June,2,25,5,2024-06-01
JFAY9QX80C,7684326274,2091307587,2024-05-23,267,99215,A01.4,181,165,Medicaid,Under Review,Duplicate claim,No,Partially Paid,Partially Paid,102,16,0.6779026217228464,0.6179775280898876,0.9116022099447514,0,0,0,0,1,0,1,0,0,0,0,0,0,2024,5,May,2,21,4,2024-05-01
ZMB1OUAPE0,1103203078,5742108610,2024-06-11,422,99231,A16.1,257,219,Commercial,Paid,Pre-existing condition,No,On Hold,Partially Paid,203,38,0.6090047393364929,0.518957345971564,0.8521400778210116,0,0,0,0,1,0,0,0,0,0,0,1,0,2024,6,June,2,24,2,2024-06-01
11SI0FEVCZ,9401153941,1845151929,2024-07-07,465,99233,A06.2,288,263,Medicaid,Under Review,Duplicate claim,Yes,On Hold,Partially Paid,202,25,0.6193548387096774,0.5655913978494623,0.9131944444444444,0,0,0,1,1,0,1,0,0,0,0,0,0,2024,7,July,3,27,7,2024-07-01
QG3I81VTP5,3017601513,3000247688,2024-07-12,280,99214,A17.0,233,200,Self-Pay,Paid,Authorization not obtained,Yes,On Hold,Paid,80,33,0.8321428571428572,0.7142857142857143,0.8583690987124464,0,0,0,1,1,0,0,0,0,0,0,1,0,2024,7,July,3,28,5,2024-07-01
HPYXYHXRFU,9576814773,1371955993,2024-05-05,203,99221,A08.3,125,104,Medicaid,Under Review,Lack of medical necessity,Yes,On Hold,Paid,99,21,0.6157635467980296,0.5123152709359606,0.832,0,0,0,1,1,0,1,0,0,0,0,0,0,2024,5,May,2,18,7,2024-05-01
ZK4P8IKEQM,0542751668,7877782552,2024-05-27,367,99221,A05.8,312,289,Self-Pay,Denied,Lack of medical necessity,Yes,Open,Denied,78,23,0.8501362397820164,0.7874659400544959,0.9262820512820513,1,1,1,1,1,0,0,0,0,0,1,0,0,2024,5,May,2,22,1,2024-05-01
OEZKXF81QT,0547646649,0297896800,2024-07-02,249,99233,A05.5,218,203,Medicare,Denied,Incorrect billing information,No,On Hold,Paid,46,15,0.8755020080321285,0.8152610441767069,0.9311926605504587,1,0,1,0,1,1,0,0,0,0,1,0,0,2024,7,July,3,27,2,2024-07-01
ELQ4SHKJQC,6244693820,7997381350,2024-09-08,302,99231,A07.0,229,216,Commercial,Paid,Incorrect billing information,Yes,Denied,Partially Paid,86,13,0.7582781456953642,0.7152317880794702,0.9432314410480349,0,0,0,1,0,0,0,1,0,0,0,1,0,2024,9,September,3,36,7,2024-09-01
KJS4VEGGPM,1966497046,5783970837,2024-05-09,153,99222,A07.9,108,88,Self-Pay,Denied,Patient eligibility issues,No,Denied,Partially Paid,65,20,0.7058823529411765,0.5751633986928104,0.8148148148148148,1,0,1,0,0,1,0,0,0,0,1,0,0,2024,5,May,2,19,4,2024-05-01
WR6QACIBSK,6636473801,6871324728,2024-05-01,252,99213,A16.4,222,183,Commercial,Paid,Duplicate claim,Yes,Denied,Partially Paid,69,39,0.8809523809523809,0.7261904761904762,0.8243243243243243,0,0,0,1,0,0,0,1,0,0,0,1,0,2024,5,May,2,18,3,2024-05-01
7BA4A8IB5H,0702000765,1025640099,2024-09-15,377,99238,A02.1,302,249,Self-Pay,Under Review,Missing documentation,No,Open,Paid,128,53,0.8010610079575596,0.6604774535809018,0.8245033112582781,0,0,0,0,1,0,1,0,0,0,0,0,0,2024,9,September,3,37,7,2024-09-01
T7QQCP7VMS,7487997281,8073709437,2024-06-02,266,99221,A16.4,226,212,Commercial,Paid,Pre-existing condition,No,Partially Paid,Partially Paid,54,14,0.849624060150376,0.7969924812030075,0.9380530973451328,0,0,0,0,1,0,0,0,0,0,0,1,0,2024,6,June,2,22,7,2024-06-01
U9NZEK3R0Q,2381103413,5138512254,2024-09-02,302,99221,A18.3,268,228,Commercial,Paid,Lack of medical necessity,Yes,On Hold,Denied,74,40,0.8874172185430463,0.7549668874172185,0.8507462686567164,0,1,1,1,1,1,0,0,0,0,0,1,0,2024,9,September,3,36,1,2024-09-01
73DDTKF6VI,2739607699,0865083685,2024-08-22,279,99223,A03.2,232,229,Medicare,Paid,Incorrect billing information,Yes,Closed,Denied,50,3,0.8315412186379928,0.8207885304659498,0.9870689655172413,0,1,1,1,0,1,0,0,0,0,0,1,0,2024,8,August,3,34,4,2024-08-01
DCV0WW72UZ,6930963861,1586436225,2024-05-16,285,99215,A03.2,239,227,Medicare,Paid,Missing documentation,No,On Hold,Denied,58,12,0.8385964912280702,0.7964912280701755,0.9497907949790795,0,1,1,0,1,1,0,0,0,0,0,1,0,2024,5,May,2,20,4,2024-05-01
4T8C7S6CGX,8071174979,8913065384,2024-08-20,494,99232,A06.1,371,329,Commercial,Under Review,Authorization not obtained,No,Closed,Partially Paid,165,42,0.7510121457489879,0.6659919028340081,0.8867924528301887,0,0,0,0,0,0,1,1,0,0,0,0,0,2024,8,August,3,34,2,2024-08-01
ZZ05GR98P1,0850408535,0352442234,2024-06-05,340,99238,A04.3,285,252,Medicare,Under Review,Authorization not obtained,Yes,Open,Partially Paid,88,33,0.8382352941176471,0.7411764705882353,0.8842105263157894,0,0,0,1,1,0,1,0,0,0,0,0,0,2024,6,June,2,23,3,2024-06-01
76O0SZ2HSH,0101078306,1010446257,2024-09-05,319,99222,A04.8,221,179,Medicaid,Paid,Service not covered,Yes,Denied,Partially Paid,140,42,0.6927899686520376,0.5611285266457681,0.8099547511312217,0,0,0,1,0,0,0,1,0,0,0,1,0,2024,9,September,3,36,4,2024-09-01
D9R8OPQ6PN,0793224766,1011587480,2024-07-07,159,99215,A01.6,101,86,Self-Pay,Paid,Missing documentation,Yes,Closed,Partially Paid,73,15,0.6352201257861635,0.5408805031446541,0.8514851485148515,0,0,0,1,0,0,0,0,0,0,0,1,0,2024,7,July,3,27,7,2024-07-01
6EIFSH68A3,9250381057,8644938101,2024-07-30,274,99232,A15.0,242,218,Self-Pay,Denied,Incorrect billing information,No,On Hold,Denied,56,24,0.8832116788321168,0.7956204379562044,0.9008264462809917,1,1,1,0,1,0,0,0,0,0,1,0,0,2024,7,July,3,31,2,2024-07-01
438ZIIBPK0,9449672524,2748517591,2024-08-17,342,99214,A03.0,225,218,Medicare,Paid,Service not covered,Yes,Partially Paid,Denied,124,7,0.6578947368421053,0.6374269005847953,0.9688888888888889,0,1,1,1,1,1,0,0,0,0,0,1,0,2024,8,August,3,33,6,2024-08-01
ZKM055X47Q,0777717051,5639950479,2024-05-16,190,99222,A04.6,127,118,Medicaid,Under Review,Authorization not obtained,Yes,Pending,Partially Paid,72,9,0.6684210526315789,0.6210526315789474,0.9291338582677166,0,0,0,1,1,0,1,0,0,0,0,0,0,2024,5,May,2,20,4,2024-05-01
6YM52JTHQL,2299991605,4493236409,2024-07-15,263,99221,A17.8,216,195,Medicaid,Paid,Pre-existing condition,Yes,Partially Paid,Denied,68,21,0.8212927756653993,0.7414448669201521,0.9027777777777778,0,1,1,1,1,1,0,0,0,0,0,1,0,2024,7,July,3,29,1,2024-07-01
8W8VWVFB7L,7451213698,0051107760,2024-06-26,226,99221,A07.2,169,152,Medicaid,Paid,Pre-existing condition,No,Open,Denied,74,17,0.7477876106194691,0.672566371681416,0.8994082840236687,0,1,1,0,1,1,0,0,0,0,0,1,0,2024,6,June,2,26,3,2024-06-01
HWYCF5V8TB,6674084062,5582873125,2024-06-19,110,99232,A16.2,71,60,Medicare,Under Review,Incorrect billing information,Yes,Closed,Partially Paid,50,11,0.6454545454545455,0.5454545454545454,0.8450704225352113,0,0,0,1,0,0,1,1,0,0,0,0,0,2024,6,June,2,25,3,2024-06-01
CHFEAB3MQG,8953574021,3217496209,2024-08-27,389,99223,A01.9,254,250,Medicaid,Denied,Incorrect billing information,Yes,Open,Denied,139,4,0.6529562982005142,0.6426735218508998,0.984251968503937,1,1,1,1,1,0,0,0,0,0,1,0,0,2024,8,August,3,35,2,2024-08-01
PU7B1FLNO6,5293925593,8115607354,2024-07-22,316,99232,A04.6,224,220,Medicaid,Denied,Service not covered,Yes,Pending,Partially Paid,96,4,0.7088607594936709,0.6962025316455697,0.9821428571428571,1,0,1,1,1,1,0,0,0,0,1,0,0,2024,7,July,3,30,1,2024-07-01
7B8G40OLQC,5637478076,9896596876,2024-08-05,470,99232,A06.4,324,292,Medicare,Denied,Service not covered,No,Closed,Partially Paid,178,32,0.6893617021276596,0.6212765957446809,0.9012345679012346,1,0,1,0,0,1,0,0,0,0,1,0,0,2024,8,August,3,32,1,2024-08-01
F0CZOICDGE,8227422285,3330060603,2024-06-02,352,99213,A16.4,266,254,Self-Pay,Paid,Patient eligibility issues,No,Closed,Denied,98,12,0.7556818181818182,0.7215909090909091,0.9548872180451128,0,1,1,0,0,1,0,0,0,0,0,1,0,2024,6,June,2,22,7,2024-06-01
HC9LR7VEQS,0100875317,2801508444,2024-07-08,457,99232,A01.5,369,345,Medicaid,Paid,Duplicate claim,Yes,Partially Paid,Denied,112,24,0.8074398249452954,0.7549234135667396,0.9349593495934959,0,1,1,1,1,1,0,0,0,0,0,1,0,2024,7,July,3,28,1,2024-07-01
ZA95UNMKU8,2593506947,9604894690,2024-06-13,405,99222,A02.1,269,244,Medicare,Denied,Authorization not obtained,No,Denied,Partially Paid,161,25,0.6641975308641975,0.6024691358024692,0.9070631970260223,1,0,1,0,0,1,0,0,0,0,1,0,0,2024,6,June,2,24,4,2024-06-01
1UEWHL36HO,5237318591,7845126855,2024-05-13,113,99222,A16.0,76,70,Medicaid,Paid,Missing documentation,No,Open,Paid,43,6,0.672566371681416,0.6194690265486725,0.9210526315789473,0,0,0,0,1,0,0,0,0,0,0,1,0,2024,5,May,2,20,1,2024-05-01
LCVZWOO7BH,5796408423,7138469632,2024-06-07,175,99238,A18.6,149,129,Self-Pay,Paid,Authorization not obtained,No,Partially Paid,Partially Paid,46,20,0.8514285714285714,0.7371428571428571,0.8657718120805369,0,0,0,0,1,0,0,0,0,0,0,1,0,2024,6,June,2,23,5,2024-06-01
IS9CL0VECF,2577958286,8650846947,2024-07-24,500,99238,A01.6,431,373,Self-Pay,Paid,Authorization not obtained,Yes,Pending,Partially Paid,127,58,0.862,0.746,0.8654292343387471,0,0,0,1,1,0,0,0,0,0,0,1,0,2024,7,July,3,30,3,2024-07-01
QKVJQIBYYJ,2703139127,9868947075,2024-09-11,405,99213,A19.8,349,294,Self-Pay,Denied,Pre-existing condition,No,Denied,Paid,111,55,0.8617283950617284,0.725925925925926,0.8424068767908309,1,0,1,0,0,1,0,0,0,0,1,0,0,2024,9,September,3,37,3,2024-09-01
IT4QQO03MM,6706520015,5069912817,2024-08-09,490,99232,A05.0,413,362,Medicaid,Paid,Authorization not obtained,Yes,On Hold,Partially Paid,128,51,0.8428571428571429,0.7387755102040816,0.8765133171912833,0,0,0,1,1,0,0,0,0,0,0,1,0,2024,8,August,3,32,5,2024-08-01
KXUVZ3TFFN,5480245026,9007579046,2024-06-08,453,99233,A05.7,314,280,Self-Pay,Paid,Missing documentation,No,Closed,Partially Paid,173,34,0.6931567328918322,0.6181015452538632,0.89171974522293,0,0,0,0,0,0,0,0,0,0,0,1,0,2024,6,June,2,23,6,2024-06-01
IJL34MZGWZ,9478728735,4729586407,2024-08-24,362,99223,A02.4,287,256,Medicare,Under Review,Incorrect billing information,Yes,Open,Partially Paid,106,31,0.7928176795580111,0.7071823204419889,0.89198606271777,0,0,0,1,1,0,1,0,0,0,0,0,0,2024,8,August,3,34,6,2024-08-01
EJTBV2EDZJ,3887913057,7362879865,2024-09-18,456,99238,A08.0,351,311,Commercial,Denied,Service not covered,No,On Hold,Partially Paid,145,40,0.7697368421052632,0.6820175438596491,0.886039886039886,1,0,1,0,1,1,0,0,0,0,1,0,0,2024,9,September,3,38,3,2024-09-01
55LMBJCO73,0060143630,1715505615,2024-05-02,392,99222,A19.1,292,272,Commercial,Under Review,Incorrect billing information,Yes,Open,Partially Paid,120,20,0.7448979591836735,0.6938775510204082,0.9315068493150684,0,0,0,1,1,0,1,0,0,0,0,0,0,2024,5,May,2,18,4,2024-05-01
9RDYPMJSSS,3148229307,2515202995,2024-07-04,394,99231,A06.1,304,276,Self-Pay,Under Review,Missing documentation,Yes,Partially Paid,Denied,118,28,0.7715736040609137,0.700507614213198,0.9078947368421053,0,1,1,1,1,0,0,0,0,0,0,0,0,2024,7,July,3,27,4,2024-07-01
TAW8G9M0FI,0210793628,6510178676,2024-05-11,184,99238,A01.2,137,132,Medicare,Paid,Authorization not obtained,No,Pending,Paid,52,5,0.7445652173913043,0.717391304347826,0.9635036496350365,0,0,0,0,1,0,0,0,0,0,0,1,0,2024,5,May,2,19,6,2024-05-01
0AVY290QRF,8596021338,9234074892,2024-08-29,233,99223,A18.7,142,118,Medicaid,Denied,Patient eligibility issues,Yes,Denied,Paid,115,24,0.6094420600858369,0.5064377682403434,0.8309859154929577,1,0,1,1,0,1,0,0,0,0,1,0,0,2024,8,August,3,35,4,2024-08-01
VLSMLSXDZJ,3018575271,0009455298,2024-07-26,146,99232,A17.8,113,106,Commercial,Under Review,Pre-existing condition,Yes,On Hold,Denied,40,7,0.773972602739726,0.726027397260274,0.9380530973451328,0,1,1,1,1,0,0,0,0,0,0,0,0,2024,7,July,3,30,5,2024-07-01
OG7KBY5XJ0,5007701903,1862927610,2024-05-09,442,99213,A18.0,328,266,Medicaid,Denied,Service not covered,Yes,Pending,Paid,176,62,0.7420814479638009,0.6018099547511312,0.8109756097560976,1,0,1,1,1,1,0,0,0,0,1,0,0,2024,5,May,2,19,4,2024-05-01
P20LE9NSLT,2563149979,8884805337,2024-06-14,422,99215,A08.5,254,232,Self-Pay,Paid,Lack of medical necessity,Yes,Closed,Paid,190,22,0.6018957345971564,0.5497630331753555,0.9133858267716536,0,0,0,1,0,0,0,0,0,0,0,1,0,2024,6,June,2,24,5,2024-06-01
XIP1J1DOJA,1286000262,6430700396,2024-05-11,470,99215,A06.7,282,231,Commercial,Under Review,Authorization not obtained,No,Denied,Paid,239,51,0.6,0.49148936170212765,0.8191489361702128,0,0,0,0,0,0,1,0,0,0,0,0,0,2024,5,May,2,19,6,2024-05-01
4E3WRFQ5PL,0173442974,9256705780,2024-07-21,276,99231,A04.9,179,174,Self-Pay,Under Review,Missing documentation,No,On Hold,Partially Paid,102,5,0.6485507246376812,0.6304347826086957,0.9720670391061452,0,0,0,0,1,0,1,0,0,0,0,0,0,2024,7,July,3,29,7,2024-07-01
0DOKC7VU2Z,2171841388,2913924485,2024-05-04,272,99233,A18.4,181,170,Medicare,Denied,Service not covered,No,On Hold,Paid,102,11,0.6654411764705882,0.625,0.9392265193370166,1,0,1,0,1,1,0,0,0,0,1,0,0,2024,5,May,2,18,6,2024-05-01
AOJYLP8SSR,0068556660,0044413688,2024-07-10,231,99238,A19.1,186,169,Commercial,Under Review,Service not covered,Yes,Open,Paid,62,17,0.8051948051948052,0.7316017316017316,0.9086021505376344,0,0,0,1,1,0,1,0,0,0,0,0,0,2024,7,July,3,28,3,2024-07-01
U2GTDS81TL,3352158785,0197026611,2024-09-16,132,99232,A06.3,80,79,Self-Pay,Denied,Pre-existing condition,No,Denied,Denied,53,1,0.6060606060606061,0.5984848484848485,0.9875,1,1,1,0,0,0,0,0,0,0,1,0,0,2024,9,September,3,38,1,2024-09-01
R1XPM19MUP,1017210774,6274414242,2024-05-22,155,99214,A16.8,121,114,Commercial,Denied,Patient eligibility issues,No,On Hold,Denied,41,7,0.7806451612903226,0.7354838709677419,0.9421487603305785,1,1,1,0,1,0,0,0,0,0,1,0,0,2024,5,May,2,21,3,2024-05-01
NHZOO9HJH4,5428644479,7625464006,2024-09-20,189,99214,A16.5,164,149,Medicare,Under Review,Service not covered,No,Denied,Paid,40,15,0.8677248677248677,0.7883597883597884,0.9085365853658537,0,0,0,0,0,0,1,0,0,0,0,0,0,2024,9,September,3,38,5,2024-09-01
9DIU004YOL,7809721760,2819227707,2024-09-20,372,99214,A01.0,273,251,Commercial,Under Review,Missing documentation,Yes,Partially Paid,Denied,121,22,0.7338709677419355,0.6747311827956989,0.9194139194139194,0,1,1,1,1,0,0,0,0,0,0,0,0,2024,9,September,3,38,5,2024-09-01
5A82KGOBPF,0612830199,2524568194,2024-07-16,319,99232,A16.3,229,223,Commercial,Under Review,Patient eligibility issues,Yes,On Hold,Partially Paid,96,6,0.7178683385579937,0.6990595611285266,0.9737991266375546,0,0,0,1,1,0,1,0,0,0,0,0,0,2024,7,July,3,29,2,2024-07-01
0564VO4IWL,6242427574,7816999956,2024-08-05,251,99223,A16.3,214,197,Self-Pay,Denied,Patient eligibility issues,Yes,Open,Denied,54,17,0.852589641434263,0.7848605577689243,0.9205607476635514,1,1,1,1,1,0,0,0,0,0,1,0,0,2024,8,August,3,32,1,2024-08-01
3KP5OZ65GC,0855109381,6685567071,2024-09-19,318,99223,A18.0,251,229,Medicaid,Paid,Authorization not obtained,Yes,Pending,Paid,89,22,0.789308176100629,0.720125786163522,0.9123505976095617,0,0,0,1,1,0,0,0,0,0,0,1,0,2024,9,September,3,38,4,2024-09-01
LOB7KVTJ35,8911955455,4332730963,2024-05-30,484,99233,A18.7,361,339,Medicaid,Paid,Incorrect billing information,Yes,Denied,Denied,145,22,0.7458677685950413,0.7004132231404959,0.9390581717451524,0,1,1,1,0,1,0,1,0,0,0,1,0,2024,5,May,2,22,4,2024-05-01
Q7M8419SA8,2552564104,7366680254,2024-08-12,218,99222,A06.7,190,165,Medicare,Under Review,Authorization not obtained,No,Denied,Paid,53,25,0.8715596330275229,0.7568807339449541,0.868421052631579,0,0,0,0,0,0,1,0,0,0,0,0,0,2024,8,August,3,33,1,2024-08-01
NM01V5LU6J,3573634156,2994357637,2024-05-11,340,99223,A05.9,278,229,Medicaid,Denied,Duplicate claim,No,On Hold,Paid,111,49,0.8176470588235294,0.6735294117647059,0.8237410071942446,1,0,1,0,1,1,0,0,0,0,1,0,0,2024,5,May,2,19,6,2024-05-01
ICOL1ONOMG,4269876839,3180402684,2024-07-01,387,99238,A03.8,256,212,Commercial,Paid,Incorrect billing information,Yes,Closed,Denied,175,44,0.661498708010336,0.5478036175710594,0.828125,0,1,1,1,0,1,0,0,0,0,0,1,0,2024,7,July,3,27,1,2024-07-01
W6SCZBTG0Q,3726785037,9159503894,2024-06-17,231,99223,A17.9,173,171,Medicare,Denied,Authorization not obtained,No,Closed,Denied,60,2,0.7489177489177489,0.7402597402597403,0.9884393063583815,1,1,1,0,0,0,0,0,0,0,1,0,0,2024,6,June,2,25,1,2024-06-01
ZRTBHH9DT9,7371628589,9549523843,2024-06-18,334,99223,A18.4,224,185,Medicaid,Denied,Authorization not obtained,No,Partially Paid,Denied,149,39,0.6706586826347305,0.5538922155688623,0.8258928571428571,1,1,1,0,1,0,0,1,0,0,1,0,0,2024,6,June,2,25,2,2024-06-01
297BH25GH1,0394376347,4847749483,2024-07-03,215,99214,A15.1,165,138,Medicare,Paid,Lack of medical necessity,Yes,Open,Paid,77,27,0.7674418604651163,0.641860465116279,0.8363636363636363,0,0,0,1,1,0,0,0,0,0,0,1,0,2024,7,July,3,27,3,2024-07-01
FX1FD4V4IK,2410229753,8889382304,2024-08-05,140,99213,A03.9,104,84,Medicare,Denied,Service not covered,Yes,Closed,Denied,56,20,0.7428571428571429,0.6,0.8076923076923077,1,1,1,1,0,0,0,0,0,0,1,0,0,2024,8,August,3,32,1,2024-08-01
BUJ5W7AU7Y,4794027394,6600558775,2024-07-06,332,99233,A16.7,266,228,Self-Pay,Under Review,Lack of medical necessity,No,On Hold,Denied,104,38,0.8012048192771084,0.6867469879518072,0.8571428571428571,0,1,1,0,1,0,0,0,0,0,0,0,0,2024,7,July,3,27,6,2024-07-01
N78AM81PG7,9184442440,6416013057,2024-08-20,383,99233,A05.7,289,242,Medicaid,Denied,Patient eligibility issues,Yes,Pending,Denied,141,47,0.7545691906005222,0.6318537859007833,0.8373702422145328,1,1,1,1,1,0,0,0,0,0,1,0,0,2024,8,August,3,34,2,2024-08-01
L9R69U9UWN,0323121237,2811018929,2024-09-12,289,99214,A17.9,245,242,Medicare,Paid,Authorization not obtained,No,Pending,Paid,47,3,0.8477508650519031,0.8373702422145328,0.9877551020408163,0,0,0,0,1,0,0,0,0,0,0,1,0,2024,9,September,3,37,4,2024-09-01
X4GU1GZSFR,3585470974,5620689752,2024-09-08,177,99231,A01.6,154,142,Medicaid,Paid,Authorization not obtained,Yes,Open,Paid,35,12,0.8700564971751412,0.8022598870056498,0.922077922077922,0,0,0,1,1,0,0,0,0,0,0,1,0,2024,9,September,3,36,7,2024-09-01
QNZ7GJQNXI,5318117827,8005073082,2024-09-14,243,99232,A06.2,193,172,Commercial,Denied,Missing documentation,No,Denied,Denied,71,21,0.7942386831275721,0.7078189300411523,0.8911917098445595,1,1,1,0,0,0,0,0,0,0,1,0,0,2024,9,September,3,37,6,2024-09-01
348CB2K06X,7988786793,8693145308,2024-06-27,280,99222,A04.3,191,181,Medicaid,Denied,Lack of medical necessity,No,Closed,Paid,99,10,0.6821428571428572,0.6464285714285715,0.9476439790575916,1,0,1,0,0,1,0,0,0,0,1,0,0,2024,6,June,2,26,4,2024-06-01
M5V1Q8VAFN,1625980232,7984928771,2024-06-20,196,99238,A19.9,158,132,Commercial,Paid,Incorrect billing information,Yes,Pending,Denied,64,26,0.8061224489795918,0.673469387755102,0.8354430379746836,0,1,1,1,1,1,0,0,0,0,0,1,0,2024,6,June,2,25,4,2024-06-01
VGZCXGA88E,2252917045,8396644866,2024-07-04,126,99213,A00.9,89,79,Medicare,Paid,Incorrect billing information,No,Pending,Partially Paid,47,10,0.7063492063492064,0.626984126984127,0.8876404494382022,0,0,0,0,1,0,0,0,0,0,0,1,0,2024,7,July,3,27,4,2024-07-01
RAR75ZUNFZ,1249681569,9904134474,2024-08-08,154,99238,A06.9,107,99,Medicaid,Under Review,Service not covered,No,Pending,Denied,55,8,0.6948051948051948,0.6428571428571429,0.9252336448598131,0,1,1,0,1,0,0,0,0,0,0,0,0,2024,8,August,3,32,4,2024-08-01
Q9FUEPK824,7576940660,7531029728,2024-06-14,111,99232,A04.0,80,66,Medicaid,Under Review,Patient eligibility issues,Yes,Open,Denied,45,14,0.7207207207207207,0.5945945945945946,0.825,0,1,1,1,1,0,0,0,0,0,0,0,0,2024,6,June,2,24,5,2024-06-01
KGZKX8JZID,3396848878,5610783650,2024-09-14,350,99238,A16.2,261,242,Self-Pay,Paid,Incorrect billing information,No,Partially Paid,Paid,108,19,0.7457142857142857,0.6914285714285714,0.9272030651340997,0,0,0,0,1,0,0,0,0,0,0,1,0,2024,9,September,3,37,6,2024-09-01
EUEQ7L2NXY,0857885656,9457452499,2024-07-30,232,99223,A17.9,188,167,Medicaid,Under Review,Pre-existing condition,No,Open,Denied,65,21,0.8103448275862069,0.7198275862068966,0.8882978723404256,0,1,1,0,1,0,0,0,0,0,0,0,0,2024,7,July,3,31,2,2024-07-01
2LHJGCXOEB,3122986507,8086292637,2024-06-15,476,99221,A02.9,399,379,Self-Pay,Under Review,Service not covered,No,Denied,Partially Paid,97,20,0.8382352941176471,0.7962184873949579,0.949874686716792,0,0,0,0,0,0,1,0,0,0,0,0,0,2024,6,June,2,24,6,2024-06-01
YF4K5XY4T6,5673128834,2341545862,2024-06-11,337,99221,A15.1,215,173,Commercial,Denied,Lack of medical necessity,Yes,Denied,Paid,164,42,0.6379821958456974,0.5133531157270029,0.8046511627906977,1,0,1,1,0,1,0,0,0,0,1,0,0,2024,6,June,2,24,2,2024-06-01
64BXHI5GEZ,6596054863,6385714360,2024-07-02,368,99231,A18.4,319,304,Commercial,Paid,Duplicate claim,Yes,Open,Denied,64,15,0.8668478260869565,0.8260869565217391,0.9529780564263323,0,1,1,1,1,1,0,0,0,0,0,1,0,2024,7,July,3,27,2,2024-07-01
95MSH5JUEO,9732826920,3450599574,2024-07-02,325,99213,A18.0,204,165,Commercial,Under Review,Incorrect billing information,No,Open,Denied,160,39,0.6276923076923077,0.5076923076923077,0.8088235294117647,0,1,1,0,1,0,0,0,0,0,0,0,0,2024,7,July,3,27,2,2024-07-01
AKGD3IWSN1,8550510442,5857603017,2024-07-12,397,99222,A04.3,268,220,Commercial,Denied,Authorization not obtained,No,On Hold,Paid,177,48,0.6750629722921915,0.5541561712846348,0.8208955223880597,1,0,1,0,1,1,0,0,0,0,1,0,0,2024,7,July,3,28,5,2024-07-01
VE9DEDZ4IF,2571710722,6881754315,2024-09-16,404,99231,A18.6,354,330,Self-Pay,Under Review,Pre-existing condition,Yes,On Hold,Paid,74,24,0.8762376237623762,0.8168316831683168,0.9322033898305084,0,0,0,1,1,0,1,0,0,0,0,0,0,2024,9,September,3,38,1,2024-09-01
WN7S1PINLM,8851140338,0378848545,2024-05-15,370,99233,A03.9,290,240,Self-Pay,Denied,Patient eligibility issues,No,Partially Paid,Partially Paid,130,50,0.7837837837837838,0.6486486486486487,0.8275862068965517,1,0,1,0,1,1,0,1,0,0,1,0,0,2024,5,May,2,20,3,2024-05-01
6SIY46K0JM,1301050188,6125533859,2024-05-02,181,99221,A18.6,142,128,Medicare,Denied,Service not covered,Yes,Open,Denied,53,14,0.7845303867403315,0.7071823204419889,0.9014084507042254,1,1,1,1,1,0,0,0,0,0,1,0,0,2024,5,May,2,18,4,2024-05-01
0B0TP89BQF,7640195037,6836887959,2024-05-30,307,99238,A08.8,231,213,Commercial,Paid,Service not covered,No,Pending,Partially Paid,94,18,0.752442996742671,0.6938110749185668,0.922077922077922,0,0,0,0,1,0,0,0,0,0,0,1,0,2024,5,May,2,22,4,2024-05-01
VVROAPZFFA,3378390045,8592277150,2024-06-23,150,99215,A02.8,105,99,Medicare,Paid,Lack of medical necessity,Yes,Closed,Partially Paid,51,6,0.7,0.66,0.9428571428571428,0,0,0,1,0,0,0,0,0,0,0,1,0,2024,6,June,2,25,7,2024-06-01
Q9J55DIMLR,2766789913,9757787667,2024-07-07,128,99213,A02.2,83,75,Medicare,Paid,Authorization not obtained,Yes,Partially Paid,Paid,53,8,0.6484375,0.5859375,0.9036144578313253,0,0,0,1,1,0,0,0,0,0,0,1,0,2024,7,July,3,27,7,2024-07-01
531HVTDM18,1335890669,1995402912,2024-05-14,178,99215,A08.2,122,103,Medicaid,Under Review,Patient eligibility issues,Yes,On Hold,Denied,75,19,0.6853932584269663,0.5786516853932584,0.8442622950819673,0,1,1,1,1,0,0,0,0,0,0,0,0,2024,5,May,2,20,2,2024-05-01
VGRS6DLO92,4717110849,5523750626,2024-09-07,143,99233,A05.3,110,101,Self-Pay,Paid,Missing documentation,No,On Hold,Denied,42,9,0.7692307692307693,0.7062937062937062,0.9181818181818182,0,1,1,0,1,1,0,0,0,0,0,1,0,2024,9,September,3,36,6,2024-09-01
